pagina;nome;arquivo
https://compras.mg.gov.br/acesso-a-informacoes/consultas/divulgacao-adesao-carona/divulgacao-adesao-carona-2023/;PMMG – Pregão Eletrônico Nº 10/2023 – Gestor – Administração Geral/UFMG (29.12.2023);https://compras.mg.gov.br/wp-content/uploads/itencao-de-adesao-79631647.pdf
https://compras.mg.gov.br/acesso-a-informacoes/consultas/divulgacao-adesao-carona/divulgacao-adesao-carona-2023/;FHA – Ata de Registro de Preços nº 001/2023 – Gestor – Consórcio Intermunicipal de Desenvolvimento Econômico e Social do Leste de Minas – CIDES-LESTE (29.12.2023);https://compras.mg.gov.br/wp-content/uploads/fha-publicacao-intencao-sei-79702283.pdf
https://compras.mg.gov.br/acesso-a-informacoes/consultas/divulgacao-adesao-carona/divulgacao-adesao-carona-2023/;PMMG – Pregão Eletrônico Nº 15/2022 – Gestor – 55º Batalhão de Infantaria (28.12.2023);https://compras.mg.gov.br/wp-content/uploads/batalhao-pmmg-28-12-2023-.pdf
https://compras.mg.gov.br/acesso-a-informacoes/consultas/divulgacao-adesao-carona/divulgacao-adesao-carona-2023/;PMMG – Pregão Eletrônico Nº 05/2023 – Gestor – Empresa Brasileira de Pesquisa Agropecuária (28.12.2023);https://compras.mg.gov.br/wp-content/uploads/agro-pmmg-28-12-2023.pdf
https://compras.mg.gov.br/acesso-a-informacoes/consultas/divulgacao-adesao-carona/divulgacao-adesao-carona-2023/;CBMMG – Ata de Registro de Preços Nº 60/2023 – Gestor – Fundo Municipal de Saúde – Prefeitura Municipal de Ibirité (27.12.2023);https://compras.mg.gov.br/wp-content/uploads/cbmmg-27-12-2023.pdf
https://compras.mg.gov.br/acesso-a-informacoes/consultas/divulgacao-adesao-carona/divulgacao-adesao-carona-2023/;PMMG – Pregão Eletrônico Nº 740/2023 – Gestor – Secretaria de Estado da Saúde do Espírito Santo (27.12.2023);https://compras.mg.gov.br/wp-content/uploads/es-pmmg-27-12-2023.pdf
https://compras.mg.gov.br/acesso-a-informacoes/consultas/divulgacao-adesao-carona/divulgacao-adesao-carona-2023/;PMMG – Pregão Eletrônico Nº 27/2023 – Gestor – Centro de Intendência da Marinha em Belém (27.12.2023);https://compras.mg.gov.br/wp-content/uploads/pmmg-27-12-2023.pdf
https://compras.mg.gov.br/acesso-a-informacoes/consultas/divulgacao-adesao-carona/divulgacao-adesao-carona-2023/;PMMG – Pregão Eletrônico Nº 197/2023 – Gestor – Governo do Distrito Federal – GDF (26.12.2023);https://compras.mg.gov.br/wp-content/uploads/pmmg-26-12-2023.pdf
https://compras.mg.gov.br/acesso-a-informacoes/consultas/divulgacao-adesao-carona/divulgacao-adesao-carona-2023/;CBMMG – Ata de Registro de Preços Nº 91/2022 – Gestor – Município de São Leopoldo (22.12.2023);https://compras.mg.gov.br/wp-content/uploads/leopoldo-cbmmg-22-12-2023.pdf
https://compras.mg.gov.br/acesso-a-informacoes/consultas/divulgacao-adesao-carona/divulgacao-adesao-carona-2023/;FHEMIG – Ata de Registro de Preços Nº 02/2023 – Gestor – Associação dos Municípios da Microrregião do Médio Sapucaí – AMESP (22.12.2023);https://compras.mg.gov.br/wp-content/uploads/fhemig-22-12-2023.pdf
https://compras.mg.gov.br/acesso-a-informacoes/consultas/divulgacao-adesao-carona/divulgacao-adesao-carona-2023/;CBMMG – Pregão Eletrônico Nº 96/2022 – Gestor – Instituto Federal de Rondônia – IFRO Campus JI – Paraná (22.12.2023);https://compras.mg.gov.br/wp-content/uploads/ifro-cbmmg-22-12-2023.pdf
https://compras.mg.gov.br/acesso-a-informacoes/consultas/divulgacao-adesao-carona/divulgacao-adesao-carona-2023/;CBMMG – Ata de Registro de Preços Nº 66/2023 – Gestor – Secretarias Municipais dos Municípios Associados ao CIM Noroeste/ES (22.12.2023);https://compras.mg.gov.br/wp-content/uploads/noroeste-cbmmg-22-12-2023.pdf
https://compras.mg.gov.br/acesso-a-informacoes/consultas/divulgacao-adesao-carona/divulgacao-adesao-carona-2023/;CBMMG – Ata de Registro de Preços Nº 01/2023 – Gestor – Tribunal Regional Eleitoral de Rondônia – TRE/RO (22.12.2023);https://compras.mg.gov.br/wp-content/uploads/cbmmg-22-12-2023.pdf
https://compras.mg.gov.br/acesso-a-informacoes/consultas/divulgacao-adesao-carona/divulgacao-adesao-carona-2023/;UNIMONTES – Ata de Registro de Preços Nº 3001/2023 – Gestor – Instituto Federal de Educação, Ciência e Tecnologia do Sul de Minas Gerais – IFSULDEMINAS (22.12.2023);https://compras.mg.gov.br/wp-content/uploads/unimontes-22-12-2023.pdf
https://compras.mg.gov.br/acesso-a-informacoes/consultas/divulgacao-adesao-carona/divulgacao-adesao-carona-2023/;PCMG – Ata de Registro de Preços Nº 042/2022 – Gestor – Polícia Civil do Estado do Espírito Santo – PCES (22.12.2023);https://compras.mg.gov.br/wp-content/uploads/pcmg-22-12-2023.pdf
https://compras.mg.gov.br/acesso-a-informacoes/consultas/divulgacao-adesao-carona/divulgacao-adesao-carona-2023/;UEMG – Ata de Registro de Preços Nº 526/2023 – Gestor – Agência de Modernização da Gestão de Processos – AMGESP (21.12.2023);https://compras.mg.gov.br/wp-content/uploads/3uemg-21-12-2023.pdf
https://compras.mg.gov.br/acesso-a-informacoes/consultas/divulgacao-adesao-carona/divulgacao-adesao-carona-2023/;UEMG – Ata de Registro de Preços Nº 560/2023 – Gestor – Agência de Modernização da Gestão de Processos – AMGESP (21.12.2023);https://compras.mg.gov.br/wp-content/uploads/2uemg-21-12-2023.pdf
https://compras.mg.gov.br/acesso-a-informacoes/consultas/divulgacao-adesao-carona/divulgacao-adesao-carona-2023/;UEMG – Ata de Registro de Preços Nº 528/2023 – Gestor – Agência de Modernização da Gestão de Processos – AMGESP (21.12.2023);https://compras.mg.gov.br/wp-content/uploads/uemg-21-12-2023.pdf
https://compras.mg.gov.br/acesso-a-informacoes/consultas/divulgacao-adesao-carona/divulgacao-adesao-carona-2023/;CBMMG – Ata de Registro de Preços Nº 002/2023 – Gestor – Instituto Estadual de Meio Ambiente e Recursos Hídricos – IEMA (21.12.2023);https://compras.mg.gov.br/wp-content/uploads/cbmmg-21-12-2023.pdf
https://compras.mg.gov.br/acesso-a-informacoes/consultas/divulgacao-adesao-carona/divulgacao-adesao-carona-2023/;SEJUSP – Ata de Registro de Preços Nº 056/2023 – Gestor – Secretaria de Estado da Justiça – SEJUS Estado do Espírito Santo (21.12.2023);https://compras.mg.gov.br/wp-content/uploads/5sejusp-21-12-2023.pdf
https://compras.mg.gov.br/acesso-a-informacoes/consultas/divulgacao-adesao-carona/divulgacao-adesao-carona-2023/;SEJUSP – Ata de Registro de Preços Nº 28/2023 – Gestor – Secretaria de Estado da justiça do Espirito Santo – SEJUS (21.12.2023);https://compras.mg.gov.br/wp-content/uploads/2sejusp-78954432-oficio-81.pdf
https://compras.mg.gov.br/acesso-a-informacoes/consultas/divulgacao-adesao-carona/divulgacao-adesao-carona-2023/;SEJUSP – Ata de Registro de Preços Nº 205/2023 – Gestor – Centro de Intendência da Marinha em Belém (21.12.2023);https://compras.mg.gov.br/wp-content/uploads/sejusp-78958553-oficio-93.pdf
https://compras.mg.gov.br/acesso-a-informacoes/consultas/divulgacao-adesao-carona/divulgacao-adesao-carona-2023/;PMMG – Ata de Registro de Preços Nº 05/2023 – Gestor – Universidade Federal de Viçosa (21.12.2023);https://compras.mg.gov.br/wp-content/uploads/itencao-de-adesao.pdf
https://compras.mg.gov.br/acesso-a-informacoes/consultas/divulgacao-adesao-carona/divulgacao-adesao-carona-2023/;PMMG – Ata de Registro de Preços Nº 32279/2022 – Gestor – Secretaria da Saúde do Estado do Ceará (21.12.2023);https://compras.mg.gov.br/wp-content/uploads/pmmg-21-12-2023.pdf
https://compras.mg.gov.br/acesso-a-informacoes/consultas/divulgacao-adesao-carona/divulgacao-adesao-carona-2023/;PMMG – Ata de Registro de Preços Nº 16/2022 – Gestor – Secretaria da Fazenda / Superintendência de Compras e Central de Licitação do Estado de Tocantins (20.12.2023);https://compras.mg.gov.br/wp-content/uploads/pmmg-20-12-2023.pdf
https://compras.mg.gov.br/acesso-a-informacoes/consultas/divulgacao-adesao-carona/divulgacao-adesao-carona-2023/;SEJUSP – Ata de Registro de Preços Nº 86/2022 – Gestor – Ministério Público do Distrito Federal e Territórios (19.12.2023);https://compras.mg.gov.br/wp-content/uploads/4sejusp-19-12-2023.pdf
https://compras.mg.gov.br/acesso-a-informacoes/consultas/divulgacao-adesao-carona/divulgacao-adesao-carona-2023/;GMG – Ata de Registro de Preços Nº 05/2023 – Gestor – Secretaria de Estado de Planejamento e Gestão do Mato Grosso (19.12.2023);https://compras.mg.gov.br/wp-content/uploads/gmg-19-12-2023.pdf
https://compras.mg.gov.br/acesso-a-informacoes/consultas/divulgacao-adesao-carona/divulgacao-adesao-carona-2023/;CBMMG – Ata de Registro de Preços Nº 1639/2023 – Gestor – Subsecretaria da Administração Central de Licitações do Estado do Rio Grande do Sul (CELIC-RS) (19.12.2023);https://compras.mg.gov.br/wp-content/uploads/cbmmg-19-12-2023.pdf
https://compras.mg.gov.br/acesso-a-informacoes/consultas/divulgacao-adesao-carona/divulgacao-adesao-carona-2023/;SEJUSP – Ata de Registro de Preços Nº 249/2023 – Gestor – Superintendência de Licitações, Secretaria Municipal de Administração – Prefeitura Municipal de Várzea Grande/MT (19.12.2023);https://compras.mg.gov.br/wp-content/uploads/sejusp-78957636-oficio-84.pdf
https://compras.mg.gov.br/acesso-a-informacoes/consultas/divulgacao-adesao-carona/divulgacao-adesao-carona-2023/;SEJUSP – Ata de Registro de Preços Nº 055/2023 – Gestor – Secretaria de Estado da justiça do Espirito Santo – SEJUS (19.12.2023);https://compras.mg.gov.br/wp-content/uploads/3sejusp-78941570-oficio-72.pdf
https://compras.mg.gov.br/acesso-a-informacoes/consultas/divulgacao-adesao-carona/divulgacao-adesao-carona-2023/;SEPLAG-CET – Ata de Registro de Preços Nº 81/2023 – Gestor – Universidade Federal do Recôncavo da Bahia (18.12.2023);https://compras.mg.gov.br/wp-content/uploads/cet-seplag-18-12-2023.pdf
https://compras.mg.gov.br/acesso-a-informacoes/consultas/divulgacao-adesao-carona/divulgacao-adesao-carona-2023/;IEF – Ata de Registro de Preços Nº 268/2023 – Gestor – Strada Veículos e Peças Ltda (18.12.2023);https://compras.mg.gov.br/wp-content/uploads/ief-18-12-2023.pdf
https://compras.mg.gov.br/acesso-a-informacoes/consultas/divulgacao-adesao-carona/divulgacao-adesao-carona-2023/;CBMMG – Ata de Registro de Preços Nº 93/2023 – Gestor – Tribunal de Justiça de Minas Gerais – TJMG (18.12.2023);https://compras.mg.gov.br/wp-content/uploads/5cbmmg-18-12-2023.pdf
https://compras.mg.gov.br/acesso-a-informacoes/consultas/divulgacao-adesao-carona/divulgacao-adesao-carona-2023/;CBMMG – Ata de Registro de Preços Nº 125/2023 – Gestor – Tribunal de Justiça de Minas Gerais – TJMG (18.12.2023);https://compras.mg.gov.br/wp-content/uploads/4cbmmg-18-12-2023.pdf
https://compras.mg.gov.br/acesso-a-informacoes/consultas/divulgacao-adesao-carona/divulgacao-adesao-carona-2023/;CBMMG – Ata de Registro de Preços Nº 93/2023 – Gestor – Tribunal de Justiça de Minas Gerais – TJMG (18.12.2023);https://compras.mg.gov.br/wp-content/uploads/3cbmmg-18-12-2023.pdf
https://compras.mg.gov.br/acesso-a-informacoes/consultas/divulgacao-adesao-carona/divulgacao-adesao-carona-2023/;CBMMG – Ata de Registro de Preços Nº 142/2023 – Gestor – Tribunal de Justiça de Minas Gerais – TJMG (18.12.2023);https://compras.mg.gov.br/wp-content/uploads/2cbmmb-18-12-2023.pdf
https://compras.mg.gov.br/acesso-a-informacoes/consultas/divulgacao-adesao-carona/divulgacao-adesao-carona-2023/;CBMMG – Ata de Registro de Preços Nº 142/2023 – Gestor – Tribunal de Justiça de Minas Gerais – TJMG (18.12.2023);https://compras.mg.gov.br/wp-content/uploads/cbmmg-18-12-2023.pdf
https://compras.mg.gov.br/acesso-a-informacoes/consultas/divulgacao-adesao-carona/divulgacao-adesao-carona-2023/;SEJUSP – Ata de Registro de Preços Consolidada Nº ATC000036/2023 – Gestor – Consórcio Interfederativo Santa Catarina – CINCATARINA (15.12.2023);https://compras.mg.gov.br/wp-content/uploads/sejusp-15-12-2023.pdf
https://compras.mg.gov.br/acesso-a-informacoes/consultas/divulgacao-adesao-carona/divulgacao-adesao-carona-2023/;PMMG – Ata de Registro de Preços Nº 87/2023 – Gestor – Tribunal de Justiça do Estado de Minas Gerais (15.12.2023);https://compras.mg.gov.br/wp-content/uploads/pmmg-15-12-2023.pdf
https://compras.mg.gov.br/acesso-a-informacoes/consultas/divulgacao-adesao-carona/divulgacao-adesao-carona-2023/;SEPLAG-DCGUAI – Pregão Eletrônico Nº 020/2022 – Gestor – Universidade Federal de Minas Gerais – UFMG (14.12.2023);https://compras.mg.gov.br/wp-content/uploads/seplag-dcguai.pdf
https://compras.mg.gov.br/acesso-a-informacoes/consultas/divulgacao-adesao-carona/divulgacao-adesao-carona-2023/;CBMMG – Ata de Registro de Preços Nº 268/2023 – Gestor – Consórcio Intermunicipal do Médio Paraopeba (14.12.2023);https://compras.mg.gov.br/wp-content/uploads/icismep-cbmmg-14-12-2023.pdf
https://compras.mg.gov.br/acesso-a-informacoes/consultas/divulgacao-adesao-carona/divulgacao-adesao-carona-2023/;PCMG – Ata de Registro de Preços Nº 55/2023 – Gestor – Estado do Espírito Santo, por intermédio da Secretaria de Estado de Justiça – SEJUS (13.12.2023);https://compras.mg.gov.br/wp-content/uploads/pcmg-13-12-2023.pdf
https://compras.mg.gov.br/acesso-a-informacoes/consultas/divulgacao-adesao-carona/divulgacao-adesao-carona-2023/;PMMG – Ata de Registro de Preços Nº 040/2023 – Gestor – Secretaria Municipal de Saúde de Caruaru-PE (12.12.2023);https://compras.mg.gov.br/wp-content/uploads/pe-pmmg-12-12-2023.pdf
https://compras.mg.gov.br/acesso-a-informacoes/consultas/divulgacao-adesao-carona/divulgacao-adesao-carona-2023/;PMMG – Ata de Registro de Preços Nº 67/2023 – Gestor – Universidade Federal do Sul e Sudeste do Pará (12.12.2023);https://compras.mg.gov.br/wp-content/uploads/pmmg-12-12-2023.pdf
https://compras.mg.gov.br/acesso-a-informacoes/consultas/divulgacao-adesao-carona/divulgacao-adesao-carona-2023/;PCMG – Ata de Registro de Preços Nº 003/2022 – Gestor – Polícia Militar do Estado do Goiás (11.12.2023);https://compras.mg.gov.br/wp-content/uploads/goias-pmmg-11-12-2023.pdf
https://compras.mg.gov.br/acesso-a-informacoes/consultas/divulgacao-adesao-carona/divulgacao-adesao-carona-2023/;PMMG – Pregão Eletrônico Nº 106/2022 – Gestor – Secretaria da Fazenda / Superintendência de Compras e Central de Licitação do Estado de Tocantins (11.12.2023);https://compras.mg.gov.br/wp-content/uploads/pmmg-11-12-2023.pdf
https://compras.mg.gov.br/acesso-a-informacoes/consultas/divulgacao-adesao-carona/divulgacao-adesao-carona-2023/;PCMG – Ata de Registro de Preços Nº 177/2023 – Gestor – Prefeitura Municipal de Ponte Nova (11.12.2023);https://compras.mg.gov.br/wp-content/uploads/ponte-nova-pcmg-11-12-2023.pdf
https://compras.mg.gov.br/acesso-a-informacoes/consultas/divulgacao-adesao-carona/divulgacao-adesao-carona-2023/;PCMG – Ata de Registro de Preços Nº 41/2023 – Gestor – Prefeitura Municipal de Tarauacá/AC (11.12.2023);https://compras.mg.gov.br/wp-content/uploads/pcmg-11-12-2023.pdf
https://compras.mg.gov.br/acesso-a-informacoes/consultas/divulgacao-adesao-carona/divulgacao-adesao-carona-2023/;UEMG – Ata de Registro de Preços Nº 019/2022 – Gestor – Universidade Estadual do Tocantins – UNITINS (07.12.2023);https://compras.mg.gov.br/wp-content/uploads/uemg-07-12-2023.pdf
https://compras.mg.gov.br/acesso-a-informacoes/consultas/divulgacao-adesao-carona/divulgacao-adesao-carona-2023/;PCMG – Ata de Registro de Preços Nº 65/2022 – Gestor – Superintendência de Compras e Central de Licitação da Secretaria da Fazenda do Estado do Tocantins – SEFAZ – TO (05.12.2023);https://compras.mg.gov.br/wp-content/uploads/pcmg-05-12-2023-sefaz-to.pdf
https://compras.mg.gov.br/acesso-a-informacoes/consultas/divulgacao-adesao-carona/divulgacao-adesao-carona-2023/;PCMG – Ata de Registro de Preços Nº 097/2023 – Gestor – Prefeitura Municipal de Sabará (05.12.2023);https://compras.mg.gov.br/wp-content/uploads/pcmg-05-12-2023.pdf
https://compras.mg.gov.br/acesso-a-informacoes/consultas/divulgacao-adesao-carona/divulgacao-adesao-carona-2023/;PCMG – Ata de Registro de Preços Nº 39/2023 – Gestor – Universidade Federal de Alfenas (30.11.2023);https://compras.mg.gov.br/wp-content/uploads/2-pcmg-30-11-2023.pdf
https://compras.mg.gov.br/acesso-a-informacoes/consultas/divulgacao-adesao-carona/divulgacao-adesao-carona-2023/;UEMG – Ata de Registro de Preços Nº 10/2022 – Gestor – Secretaria da Educação do Estado do Tocantins (30.11.2023);https://compras.mg.gov.br/wp-content/uploads/uemg-30-11-2023.pdf
https://compras.mg.gov.br/acesso-a-informacoes/consultas/divulgacao-adesao-carona/divulgacao-adesao-carona-2023/;SEJUSP – Ata de Registro de Preços Nº 04/2022 – Gestor – Consórcio Público Intermunicipal de Desenvolvimento Sustentável do Alto Paranaíba – CISPAR (29.11.2023);https://compras.mg.gov.br/wp-content/uploads/sejusp-29-11-2023.pdf
https://compras.mg.gov.br/acesso-a-informacoes/consultas/divulgacao-adesao-carona/divulgacao-adesao-carona-2023/;PCMG – Ata de Registro de Preços Nº 193/2023 – Gestor – Subsecretaria de Compras Governamentais, da Secretaria de Estado de Planejamento, Orçamento e Administração do Distrito Federal (30.11.2023);https://compras.mg.gov.br/wp-content/uploads/pcmg-30-11-2023.pdf
https://compras.mg.gov.br/acesso-a-informacoes/consultas/divulgacao-adesao-carona/divulgacao-adesao-carona-2023/;PCMG – Ata de Registro de Preços Nº 48/2023 – Gestor – Hospital Geral de Belém, órgão do Ministério da Defesa – Exército Brasileiro (29.11.2023);https://compras.mg.gov.br/wp-content/uploads/pcmg-29-11-2023.pdf
https://compras.mg.gov.br/acesso-a-informacoes/consultas/divulgacao-adesao-carona/divulgacao-adesao-carona-2023/;IDENE – Ata de Registro de Preços Nº 297/2023 – Gestor – Consórcio de Saúde e Desenvolvimento dos Vales do Noroeste de Minas – CONVALES (29.11.2023);https://compras.mg.gov.br/wp-content/uploads/idene-29-11-2023.pdf
https://compras.mg.gov.br/acesso-a-informacoes/consultas/divulgacao-adesao-carona/divulgacao-adesao-carona-2023/;PMMG – Ata de Registro de Preços Nº 21/2021 – Gestor – Secretaria de Gestão e Ensino em Segurança Pública – SEGEN/MJSP (28.11.2023);https://compras.mg.gov.br/wp-content/uploads/tourniquete-pmmg-28-11-2023.pdf
https://compras.mg.gov.br/acesso-a-informacoes/consultas/divulgacao-adesao-carona/divulgacao-adesao-carona-2023/;PMMG – Ata de Registro de Preços Nº 21/2021 – Gestor – Secretaria de Gestão e Ensino em Segurança Pública – SEGEN/MJSP (28.11.2023);https://compras.mg.gov.br/wp-content/uploads/tesoura-pmmg-28-11-2023.pdf
https://compras.mg.gov.br/acesso-a-informacoes/consultas/divulgacao-adesao-carona/divulgacao-adesao-carona-2023/;PMMG – Ata de Registro de Preços Nº 21/2021 – Gestor – Secretaria de Gestão e Ensino em Segurança Pública – SEGEN/MJSP (28.11.2023);https://compras.mg.gov.br/wp-content/uploads/luva-pmmg-28-11-2023.pdf
https://compras.mg.gov.br/acesso-a-informacoes/consultas/divulgacao-adesao-carona/divulgacao-adesao-carona-2023/;PMMG – Ata de Registro de Preços Nº 21/2021 – Gestor – Secretaria de Gestão e Ensino em Segurança Pública – SEGEN/MJSP (28.11.2023);https://compras.mg.gov.br/wp-content/uploads/bandagem-pmmg-28-11-2023.pdf
https://compras.mg.gov.br/acesso-a-informacoes/consultas/divulgacao-adesao-carona/divulgacao-adesao-carona-2023/;PMMG – Ata de Registro de Preços Nº 21/2021 – Gestor – Secretaria de Gestão e Ensino em Segurança Pública – SEGEN/MJSP (28.11.2023);https://compras.mg.gov.br/wp-content/uploads/manta-pmmg-28-11-2023.pdf
https://compras.mg.gov.br/acesso-a-informacoes/consultas/divulgacao-adesao-carona/divulgacao-adesao-carona-2023/;PMMG – Ata de Registro de Preços Nº 21/2021 – Gestor – Secretaria de Gestão e Ensino em Segurança Pública – SEGEN/MJSP (28.11.2023);https://compras.mg.gov.br/wp-content/uploads/bolsa-pmmg-28-11-2023.pdf
https://compras.mg.gov.br/acesso-a-informacoes/consultas/divulgacao-adesao-carona/divulgacao-adesao-carona-2023/;PMMG – Ata de Registro de Preços Nº 21/2021 – Gestor – Secretaria de Gestão e Ensino em Segurança Pública – SEGEN/MJSP (28.11.2023);https://compras.mg.gov.br/wp-content/uploads/canu-pmmg-28-11-2023.pdf
https://compras.mg.gov.br/acesso-a-informacoes/consultas/divulgacao-adesao-carona/divulgacao-adesao-carona-2023/;PMMG – Ata de Registro de Preços Nº 119/2022 – Gestor – Secretaria de Estado de Saúde/RR (28.11.2023);https://compras.mg.gov.br/wp-content/uploads/rr-pmmg-28-11-2023.pdf
https://compras.mg.gov.br/acesso-a-informacoes/consultas/divulgacao-adesao-carona/divulgacao-adesao-carona-2023/;PMMG – Ata de Registro de Preços Nº 16/2022 – Gestor – Fundação Universidade Federal de Mato Grosso do Sul (28.11.2023);https://compras.mg.gov.br/wp-content/uploads/pmmg-28-11-2023.pdf
https://compras.mg.gov.br/acesso-a-informacoes/consultas/divulgacao-adesao-carona/divulgacao-adesao-carona-2023/;PCMG – Ata de Registro de Preços Nº 55/2023 – Gestor – Estado do Espírito Santo, por intermédio do Secretaria de Estado de Justiça (SEJUS) (28.11.2023);https://compras.mg.gov.br/wp-content/uploads/pcmg-28-11-2023.pdf
https://compras.mg.gov.br/acesso-a-informacoes/consultas/divulgacao-adesao-carona/divulgacao-adesao-carona-2023/;SEJUSP – Pregão Eletrônico Nº 13/2023 – Gestor – CISREC – Consórcio Intermunicipal de Saúde e de Políticas de Desenvolvimento da Região do Calcário (28.11.2023);https://compras.mg.gov.br/wp-content/uploads/sejusp-28-11-2023.pdf
https://compras.mg.gov.br/acesso-a-informacoes/consultas/divulgacao-adesao-carona/divulgacao-adesao-carona-2023/;SEE – Pregão Eletrônico Nº 08/2023 – Gestor – Universidade Federal de Minas Gerais – UFMG (21.11.2023);https://compras.mg.gov.br/wp-content/uploads/see-21-11-2023.pdf
https://compras.mg.gov.br/acesso-a-informacoes/consultas/divulgacao-adesao-carona/divulgacao-adesao-carona-2023/;PRODEMGE – Pregão Eletrônico Nº 06/2023 – Gestor – Empresa Mato-Grossense de Tecnologia da Informação – MTI (21.11.2023);https://compras.mg.gov.br/wp-content/uploads/prodemge-21-11-2023.pdf
https://compras.mg.gov.br/acesso-a-informacoes/consultas/divulgacao-adesao-carona/divulgacao-adesao-carona-2023/;PCMG – Pregão Eletrônico Nº 01/2023 – Gestor – Gerência Regional de Administração do Ministério da Economia no Acre (20.11.2023);https://compras.mg.gov.br/wp-content/uploads/acre-pcmg-20-11-2023.pdf
https://compras.mg.gov.br/acesso-a-informacoes/consultas/divulgacao-adesao-carona/divulgacao-adesao-carona-2023/;SEJUSP – Ata de Registro de Preços Nº 123/2023-A – Gestor – Secretaria Municipal de Saúde da Prefeitura de Uberlândia (13.11.2023);https://compras.mg.gov.br/wp-content/uploads/sejusp-20-11-2023.pdf
https://compras.mg.gov.br/acesso-a-informacoes/consultas/divulgacao-adesao-carona/divulgacao-adesao-carona-2023/;PCMG – Ata de Registro de Preços Nº 65/2022 – Gestor – Superintendência de Compras e Central de Licitação da Secretaria da Fazenda do Estado do Tocantins (20.11.2023);https://compras.mg.gov.br/wp-content/uploads/ult.-ret.-pcmg-20-11-2023.pdf
https://compras.mg.gov.br/acesso-a-informacoes/consultas/divulgacao-adesao-carona/divulgacao-adesao-carona-2023/;PCMG – Ata de Registro de Preços Nº 65/2022 – Gestor – Superintendência de Compras e Central de Licitação da Secretaria da Fazenda do Estado do Tocantins (20.11.2023);https://compras.mg.gov.br/wp-content/uploads/primeiro-da-lista-ret.-pcmg-20-11-2023.pdf
https://compras.mg.gov.br/acesso-a-informacoes/consultas/divulgacao-adesao-carona/divulgacao-adesao-carona-2023/;PCMG – Ata de Registro de Preços Nº 65/2022 – Gestor – Superintendência de Compras e Central de Licitação da Secretaria da Fazenda do Estado do Tocantins (20.11.2023);https://compras.mg.gov.br/wp-content/uploads/pcmg-20-11-2023.pdf
https://compras.mg.gov.br/acesso-a-informacoes/consultas/divulgacao-adesao-carona/divulgacao-adesao-carona-2023/;PMMG – Pregão Eletrônico Nº 114/2022 – Gestor – Superintendência Administrativa / Secretaria de Estado de Defesa Civil do Estado do Rio de Janeiro (17.11.2023);https://compras.mg.gov.br/wp-content/uploads/pmmg-17-11-2023.pdf
https://compras.mg.gov.br/acesso-a-informacoes/consultas/divulgacao-adesao-carona/divulgacao-adesao-carona-2023/;UEMG – Pregão Eletrônico Nº 14/2022 – Gestor – Secretaria de Estado da Administração de Sergipe (17.11.2023);https://compras.mg.gov.br/wp-content/uploads/uemg-17-11-2023.pdf
https://compras.mg.gov.br/acesso-a-informacoes/consultas/divulgacao-adesao-carona/divulgacao-adesao-carona-2023/;SECOM – Pregão Eletrônico Nº 046/2023 – Gestor – Polícia Científica / Fundo de Melhoria da Perícia Criminal (16.11.2023);https://compras.mg.gov.br/wp-content/uploads/secom-16-11-2023.pdf
https://compras.mg.gov.br/acesso-a-informacoes/consultas/divulgacao-adesao-carona/divulgacao-adesao-carona-2023/;SEGOV – Pregão Eletrônico Nº 007/2023 – Gestor – Secretaria da Administração do Governo do Estado da Bahia – SAEB – Coordenação de Controle Interno – SAEB/GAB/CCI (13.11.2023);https://compras.mg.gov.br/wp-content/uploads/segov-aviso-6-17-11-2023.pdf
https://compras.mg.gov.br/acesso-a-informacoes/consultas/divulgacao-adesao-carona/divulgacao-adesao-carona-2023/;SEGOV – Pregão Eletrônico Nº 007/2023 – Gestor – Secretaria da Administração do Governo do Estado da Bahia – SAEB – Coordenação de Controle Interno – SAEB/GAB/CCI (13.11.2023);https://compras.mg.gov.br/wp-content/uploads/segov-17-11-2023.pdf
https://compras.mg.gov.br/acesso-a-informacoes/consultas/divulgacao-adesao-carona/divulgacao-adesao-carona-2023/;SEJUSP – Ata de Registro de Preços Nº 268/2023 – Gestor – Consórcio Público Instituição de Cooperação Intermunicipal do Médio Paraopeba – ICISMEP (13.11.2023);https://compras.mg.gov.br/wp-content/uploads/sejusp-14-11-2023.pdf
https://compras.mg.gov.br/acesso-a-informacoes/consultas/divulgacao-adesao-carona/divulgacao-adesao-carona-2023/;FHEMIG – Ata de Registro de Preços Nº 21/2022 – Gestor – Ministério da Economia – Secretaria Especial de Desburocratização, Gestão e Governo Digital (07.11.2023);https://compras.mg.gov.br/wp-content/uploads/fhemig-07-11-2023.pdf
https://compras.mg.gov.br/acesso-a-informacoes/consultas/divulgacao-adesao-carona/divulgacao-adesao-carona-2023/;PMMG – Ata de Registro de Preços Nº 481/2023 – Gestor – Secretaria da Saúde do Estado da Bahia (07.11.2023);https://compras.mg.gov.br/wp-content/uploads/pmmg-arp-481-2023-07-11-2023.pdf
https://compras.mg.gov.br/acesso-a-informacoes/consultas/divulgacao-adesao-carona/divulgacao-adesao-carona-2023/;PMMG – Ata de Registro de Preços Nº 01/2023 – Gestor – Departamento de Logística e Finanças – PMDF (07.11.2023);https://compras.mg.gov.br/wp-content/uploads/pmmg-07-11-2023.pdf
https://compras.mg.gov.br/acesso-a-informacoes/consultas/divulgacao-adesao-carona/divulgacao-adesao-carona-2023/;FHA – Ata de Registro de Preços Nº 13/2023 – Gestor – Secretaria de Estado de Planejamento do Estado do Pará (31.10.2023);https://compras.mg.gov.br/wp-content/uploads/fha-final-07-11-2023.pdf
https://compras.mg.gov.br/acesso-a-informacoes/consultas/divulgacao-adesao-carona/divulgacao-adesao-carona-2023/;SES – Ata de Registro de Preços Nº 081/2023 – Gestor – Secretaria de Estado da Saúde de Pernambuco (31.10.2023);https://compras.mg.gov.br/wp-content/uploads/ses-compilado-07-11-2023.pdf
https://compras.mg.gov.br/acesso-a-informacoes/consultas/divulgacao-adesao-carona/divulgacao-adesao-carona-2023/;CBMMG – Pregão Eletrônico Nº 119/2023 – Gestor – Tribunal de Justiça do Estado de Minas Gerais (30.10.2023);https://compras.mg.gov.br/wp-content/uploads/cbmmg-30-10-2023.pdf
https://compras.mg.gov.br/acesso-a-informacoes/consultas/divulgacao-adesao-carona/divulgacao-adesao-carona-2023/;HEMOMINAS – Pregão Eletrônico Nº 72/2023 – Gestor – Secretaria de Saúde do Estado da Bahia (27.10.2023);https://compras.mg.gov.br/wp-content/uploads/hemominas-30-10-2023.pdf
https://compras.mg.gov.br/acesso-a-informacoes/consultas/divulgacao-adesao-carona/divulgacao-adesao-carona-2023/;SEPLAG/DCGUAI – Pregão Eletrônico Nº 022/2023 – Gestor – Prefeitura Municipal de Divino das Laranjeiras (24.10.2023);https://compras.mg.gov.br/wp-content/uploads/seplag-24-10-2023.pdf
https://compras.mg.gov.br/acesso-a-informacoes/consultas/divulgacao-adesao-carona/divulgacao-adesao-carona-2023/;PCMG – Pregão Eletrônico Nº 03/2023 – Gestor – Departamento Penitenciário Nacional, por meio da Coordenação Geral de Licitações e Contratos – CGLIC (24.10.2023);https://compras.mg.gov.br/wp-content/uploads/pcmg.pdf
https://compras.mg.gov.br/acesso-a-informacoes/consultas/divulgacao-adesao-carona/divulgacao-adesao-carona-2023/;FUCAM – Pregão Eletrônico Nº 401/2023 – Gestor – Instituto Federal de Educação, Ciência e Tecnologia do Sul de Minas Gerais (20.10.2023);https://compras.mg.gov.br/wp-content/uploads/2-20-10-2023-fucam.pdf
https://compras.mg.gov.br/acesso-a-informacoes/consultas/divulgacao-adesao-carona/divulgacao-adesao-carona-2023/;FUCAM – Pregão Eletrônico Nº 15/2023 – Gestor – Fundação Universidade Federal do Mato Grosso do Sul (20.10.2023);https://compras.mg.gov.br/wp-content/uploads/sul-fucam-20-10-2023.pdf
https://compras.mg.gov.br/acesso-a-informacoes/consultas/divulgacao-adesao-carona/divulgacao-adesao-carona-2023/;FUCAM – Pregão Eletrônico Nº 049/2022 – Gestor – Prefeitura Municipal de Belo Horizonte-MG (20.10.2023);https://compras.mg.gov.br/wp-content/uploads/fucam-20-10-2023.pdf
https://compras.mg.gov.br/acesso-a-informacoes/consultas/divulgacao-adesao-carona/divulgacao-adesao-carona-2023/;CBMMG – Ata de Registro de Preços Nº 37/2022 – Gestor – Consórcio Público para o Desenvolvimento do Alto Paraopeba – CODAP (19.10.2023);https://compras.mg.gov.br/wp-content/uploads/19-10-2023-cbmmg.pdf
https://compras.mg.gov.br/acesso-a-informacoes/consultas/divulgacao-adesao-carona/divulgacao-adesao-carona-2023/;ARSAE – Pregão Presencial Nº 275/2022 – Gestor – SEPLAG/MG (19.10.2023);https://compras.mg.gov.br/wp-content/uploads/divulgacao-de-intencao-de-adesao-como-carona-a.pdf
https://compras.mg.gov.br/acesso-a-informacoes/consultas/divulgacao-adesao-carona/divulgacao-adesao-carona-2023/;PMMG – Pregão Eletrônico Nº 185/2022 – Gestor – Procuradoria Geral de Justiça/MG (18.10.2023);https://compras.mg.gov.br/wp-content/uploads/18-10-2023-pmmg.pdf
https://compras.mg.gov.br/acesso-a-informacoes/consultas/divulgacao-adesao-carona/divulgacao-adesao-carona-2023/;CBMMG – Ata de Registro de Preços Nº 13/2023 – Gestor – Universidade Federal do Pará – UFPA (18.10.2023);https://compras.mg.gov.br/wp-content/uploads/cbmmg-18-10-2023.pdf
https://compras.mg.gov.br/acesso-a-informacoes/consultas/divulgacao-adesao-carona/divulgacao-adesao-carona-2023/;PMMG – Ata de Registro de Preços Nº 04/2023 – Gestor – Departamento de Logística e Finanças – PMDF (17.10.2023);https://compras.mg.gov.br/wp-content/uploads/pmmg-17-10-2023-pmdf.pdf
https://compras.mg.gov.br/acesso-a-informacoes/consultas/divulgacao-adesao-carona/divulgacao-adesao-carona-2023/;PMMG – Pregão Eletrônico Nº 05/2023 – Gestor – Tribunal de Justiça do Piauí – TJ/PI (17.10.2023);https://compras.mg.gov.br/wp-content/uploads/pmmg-17-10-2023.pdf
https://compras.mg.gov.br/acesso-a-informacoes/consultas/divulgacao-adesao-carona/divulgacao-adesao-carona-2023/;PMMG – Pregão Eletrônico Nº 183/2022 – Gestor – Procuradoria Geral de Justiça/MG (16.10.2023);https://compras.mg.gov.br/wp-content/uploads/pmmg-16-10-2023.pdf
https://compras.mg.gov.br/acesso-a-informacoes/consultas/divulgacao-adesao-carona/divulgacao-adesao-carona-2023/;FUCAM – Pregão Eletrônico Nº 020/2022 – Gestor – Departamento Estadual de Trânsito – DETRAN do Estado de Rondônia (16.10.2023);https://compras.mg.gov.br/wp-content/uploads/fucam-16-10-2023.pdf
https://compras.mg.gov.br/acesso-a-informacoes/consultas/divulgacao-adesao-carona/divulgacao-adesao-carona-2023/;PMMG – Pregão Eletrônico Nº 14/2023 – Gestor – Consórcio Intermunicipal de Saúde Alto das Vertentes – CISALV/MG (11.10.2023);https://compras.mg.gov.br/wp-content/uploads/pmmg-11-10-2023.pdf
https://compras.mg.gov.br/acesso-a-informacoes/consultas/divulgacao-adesao-carona/divulgacao-adesao-carona-2023/;FHA – Pregão Eletrônico Nº 19/2022 – Gestor – Tribunal Regional Federal da 5ª Região (10.10.2023);https://compras.mg.gov.br/wp-content/uploads/fha-10-10-2023.pdf
https://compras.mg.gov.br/acesso-a-informacoes/consultas/divulgacao-adesao-carona/divulgacao-adesao-carona-2023/;PMMG – Pregão Eletrônico Nº 71/2021 – Gestor – Universidade Federal do Rio Grande do Norte (09.10.2023);https://compras.mg.gov.br/wp-content/uploads/pmmg-09-10-2023.pdf
https://compras.mg.gov.br/acesso-a-informacoes/consultas/divulgacao-adesao-carona/divulgacao-adesao-carona-2023/;FUCAM – Pregão Eletrônico Nº 055/2022 – Gestor – Prefeitura Municipal de Açailândia – MA (06.10.2023);https://compras.mg.gov.br/wp-content/uploads/fucam-06-10-2023.pdf
https://compras.mg.gov.br/acesso-a-informacoes/consultas/divulgacao-adesao-carona/divulgacao-adesao-carona-2023/;SEJUSP – Ata de Registro de Preços Nº 14/2023 – Gestor – Ministério da Justiça e Segurança Pública – Secretaria Nacional de Políticas Penais – SENAPPEN (05.10.2023);https://compras.mg.gov.br/wp-content/uploads/sejusp-senappen-09-10-2023.pdf
https://compras.mg.gov.br/acesso-a-informacoes/consultas/divulgacao-adesao-carona/divulgacao-adesao-carona-2023/;SEJUSP – Ata de Registro de Preços Nº 492/2022 – Gestor – Prefeitura de Sorriso (05.10.2023);https://compras.mg.gov.br/wp-content/uploads/sejusp-09-10-2023.pdf
https://compras.mg.gov.br/acesso-a-informacoes/consultas/divulgacao-adesao-carona/divulgacao-adesao-carona-2023/;HEMOMINAS – Ata de Registro de Preços Nº 69/2023 – Gestor – Procuradoria Geral de Justiça (28.09.2023);https://compras.mg.gov.br/wp-content/uploads/proc-geral-da-justica-28.09.2023.pdf
https://compras.mg.gov.br/acesso-a-informacoes/consultas/divulgacao-adesao-carona/divulgacao-adesao-carona-2023/;SES – Ata de Registro de Preços Nº 33/2023 – Gestor – Secretaria de Estado da Saúde de Goiás (25.09.2023);https://compras.mg.gov.br/wp-content/uploads/secret-estado-de-saude-25.09.2023.pdf
https://compras.mg.gov.br/acesso-a-informacoes/consultas/divulgacao-adesao-carona/divulgacao-adesao-carona-2023/;FHEMIG – Pregão Eletrônico Nº 0027/202 – Gestor – CISREC – Consórcio Intermunicipal de Saúde e de Políticas de Desenvolvimento da Região do Calcário (22.09.2023);https://compras.mg.gov.br/wp-content/uploads/cisrec-22.09.2023.pdf
https://compras.mg.gov.br/acesso-a-informacoes/consultas/divulgacao-adesao-carona/divulgacao-adesao-carona-2023/;FHA – Pregão Eletrônico Nº 04/2023 – Gestor – Município de Santo Antônio do Rio Abaixo/MG (22.09.2023);https://compras.mg.gov.br/wp-content/uploads/fund-helena-antipofi-22.09.2023.pdf
https://compras.mg.gov.br/acesso-a-informacoes/consultas/divulgacao-adesao-carona/divulgacao-adesao-carona-2023/;PCMG – Pregão Eletrônico Nº 08/2022 – Gestor – Superintendência Regional da Policia Federal em Pernambuco, por meio da CPL/SELOG/SR/PF/PR (21.09.2023);https://compras.mg.gov.br/wp-content/uploads/superintencia-regional-da-policia-federal-em-pernanmbuco-21.09.2023.pdf
https://compras.mg.gov.br/acesso-a-informacoes/consultas/divulgacao-adesao-carona/divulgacao-adesao-carona-2023/;PMMG – Pregão Eletrônico Nº 70/2022 – Gestor – Secretaria Municipal de Administração / Prefeitura Municipal de Cáceres – MT (18.09.2023);https://compras.mg.gov.br/wp-content/uploads/pmmg-18-09-2023.pdf
https://compras.mg.gov.br/acesso-a-informacoes/consultas/divulgacao-adesao-carona/divulgacao-adesao-carona-2023/;UEMG – Pregão Eletrônico Nº 14/2022 – Gestor – Secretaria de Estado da Administração de Sergipe (20.09.2023);https://compras.mg.gov.br/wp-content/uploads/uemg-14-2022-20.09.2023.pdf
https://compras.mg.gov.br/acesso-a-informacoes/consultas/divulgacao-adesao-carona/divulgacao-adesao-carona-2023/;UEMG – Pregão Eletrônico Nº 14/2022 – Gestor – Secretaria de Estado da Administração de Sergipe (18.09.2023);https://compras.mg.gov.br/wp-content/uploads/uemg-2-18-09-2023.pdf
https://compras.mg.gov.br/acesso-a-informacoes/consultas/divulgacao-adesao-carona/divulgacao-adesao-carona-2023/;UEMG – Pregão Eletrônico Nº 14/2022 – Gestor – Secretaria de Estado da Administração de Sergipe (18.09.2023);https://compras.mg.gov.br/wp-content/uploads/uemg-1-18-09-2023.pdf
https://compras.mg.gov.br/acesso-a-informacoes/consultas/divulgacao-adesao-carona/divulgacao-adesao-carona-2023/;FHEMIG – Pregão Eletrônico Nº 9491/2022 – Gestor – Estado do Rio Grande do Sul, através da Secretaria de Planejamento Governança e Gestão, Subsecretaria da Administração Central de Licitações – Departamento de Gestão de Fornecedores (15.09.2023);https://compras.mg.gov.br/wp-content/uploads/estado-do-rio-grande-do-sul-15.09.2023.pdf
https://compras.mg.gov.br/acesso-a-informacoes/consultas/divulgacao-adesao-carona/divulgacao-adesao-carona-2023/;CBMMG – Pregão Eletrônico Nº 9/2022 – Gestor – Consórcio Público para o Desenvolvimento do Alto Paraopeba (11.09.2023);https://compras.mg.gov.br/wp-content/uploads/cbmmg-11-09-2023.pdf
https://compras.mg.gov.br/acesso-a-informacoes/consultas/divulgacao-adesao-carona/divulgacao-adesao-carona-2023/;PMMG – Pregão Eletrônico Nº 99/2022 – Gestor – Secretária Municipal de Saúde de Belo Horizonte (06.09.2023);https://compras.mg.gov.br/wp-content/uploads/secretaria-municipal-de-saude-de-bhe-06.09.2023.pdf
https://compras.mg.gov.br/acesso-a-informacoes/consultas/divulgacao-adesao-carona/divulgacao-adesao-carona-2023/;PCMG – Pregão Eletrônico Nº 009/2022 – Gestor – Consórcio Público para Desenvolvimento do Alto Paraopeba – CODAP (04.09.2023);https://compras.mg.gov.br/wp-content/uploads/sei-72762496-oficio-165.pdf
https://compras.mg.gov.br/acesso-a-informacoes/consultas/divulgacao-adesao-carona/divulgacao-adesao-carona-2023/;CBMMG – Pregão Eletrônico Nº 100/2022 – Gestor – Polícia Rodoviária Federal (01.09.2023);https://compras.mg.gov.br/wp-content/uploads/policia-rodoviaria-federal-01.09.2023.pdf
https://compras.mg.gov.br/acesso-a-informacoes/consultas/divulgacao-adesao-carona/divulgacao-adesao-carona-2023/;SEPLAG – Pregão Eletrônico Nº 022/2023 – Gestor – Prefeitura Municipal de Divino das Laranjeiras (30.08.2023);https://compras.mg.gov.br/wp-content/uploads/prefeitura-municipal-de-divino-das-laranjeiras-30.08.2023.pdf
https://compras.mg.gov.br/acesso-a-informacoes/consultas/divulgacao-adesao-carona/divulgacao-adesao-carona-2023/;PCMG – Pregão Eletrônico Nº 15/2022 – Gestor – Ministério da Defesa – Exército Brasileiro, por meio do Gabinete do Comandante do Exército (29.08.2023);https://compras.mg.gov.br/wp-content/uploads/ministerio-da-defesa-exercito-brasileiro-29.08.2023.pdf
https://compras.mg.gov.br/acesso-a-informacoes/consultas/divulgacao-adesao-carona/divulgacao-adesao-carona-2023/;SEPLAG – Pregão Eletrônico Nº 0011/2022 – Gestor – Centro de Tecnologia de Informação e Comunicação do Estado do Rio de Janeiro – PRODERJ (25.08.2023);https://compras.mg.gov.br/wp-content/uploads/proderj-0011-2022.pdf
https://compras.mg.gov.br/acesso-a-informacoes/consultas/divulgacao-adesao-carona/divulgacao-adesao-carona-2023/;SEEMG – Pregão Eletrônico Nº 061/2022 – Gestor – Subsecretaria de Administração e Logística da Prefeitura Municipal de Belo Horizonte – (25.08.2023);https://compras.mg.gov.br/wp-content/uploads/subsec-de-administ-e-logist-da-prefeitura-de-bhe-061-2022.pdf
https://compras.mg.gov.br/acesso-a-informacoes/consultas/divulgacao-adesao-carona/divulgacao-adesao-carona-2023/;UNIMONTES – Pregão Eletrônico Nº 010/2022 – Gestor – Colégio Militar Juiz Fora – (22.08.2023);https://compras.mg.gov.br/wp-content/uploads/colegio-militar-de-mg-010-2022.pdf
https://compras.mg.gov.br/acesso-a-informacoes/consultas/divulgacao-adesao-carona/divulgacao-adesao-carona-2023/;UNIMONTES – Pregão Eletrônico Nº 006/2022 – Gestor – 35º Batalhão de Infantaria – (22.08.2023);https://compras.mg.gov.br/wp-content/uploads/35o-batalhao-de-infantaria-006-2022.pdf
https://compras.mg.gov.br/acesso-a-informacoes/consultas/divulgacao-adesao-carona/divulgacao-adesao-carona-2023/;UNIMONTES – Pregão Eletrônico Nº 005/2023 – Gestor – Universidade Federal de Minas Gerais – (22.08.2023);https://compras.mg.gov.br/wp-content/uploads/universidade-federal-de-mg-005-2023.pdf
https://compras.mg.gov.br/acesso-a-informacoes/consultas/divulgacao-adesao-carona/divulgacao-adesao-carona-2023/;PCMG – Pregão Eletrônico Nº 0324/2022 – Gestor – Procuradoria-Geral do Estado de Santa Catarina (21.08.2023);https://compras.mg.gov.br/wp-content/uploads/pcmg-21-08-2023.pdf
https://compras.mg.gov.br/acesso-a-informacoes/consultas/divulgacao-adesao-carona/divulgacao-adesao-carona-2023/;PMMG – Pregão Eletrônico Nº 157/2022 – Gestor – Procuradoria Geral de Justiça/MG (18.08.2023);https://compras.mg.gov.br/wp-content/uploads/procuradoria-geral-de-justica-mg-18.08.2023.pdf
https://compras.mg.gov.br/acesso-a-informacoes/consultas/divulgacao-adesao-carona/divulgacao-adesao-carona-2023/;SEEMG – Pregão Eletrônico Nº 013/2023 – Gestor – Consórcio Intermunicipal Multifinalitário para o Desenvolvimento Ambiemtal Sustentável do Norte de Minas CODANORTE (18.08.2023);https://compras.mg.gov.br/wp-content/uploads/codanorte-18.08.2023-013.2023.pdf
https://compras.mg.gov.br/acesso-a-informacoes/consultas/divulgacao-adesao-carona/divulgacao-adesao-carona-2023/;SEEMG – Pregão Eletrônico Nº 030/2022 – Gestor – Consórcio Intermunicipal para o Desenvolvimento Ambiemtal Sustentável do Norte de Minas CODANORTE (18.08.2023);https://compras.mg.gov.br/wp-content/uploads/codanorte-18.08.2023-030.2022.pdf
https://compras.mg.gov.br/acesso-a-informacoes/consultas/divulgacao-adesao-carona/divulgacao-adesao-carona-2023/;SEEMG – Pregão Eletrônico Nº 058/2022 – Gestor – Tribunal de Justiça do Estado do Maranhão – TJMA (18.08.2023);https://compras.mg.gov.br/wp-content/uploads/tjma-18.08.2023-058.2022.pdf
https://compras.mg.gov.br/acesso-a-informacoes/consultas/divulgacao-adesao-carona/divulgacao-adesao-carona-2023/;PMMG – Pregões Eletrônicos Nº 343/2022 e 094/2023 – Gestor – Secretaria de Estado da Saúde do Estado do Tocantins (18.08.2023);https://compras.mg.gov.br/wp-content/uploads/secret-do-estado-da-saude-do-estado-de-tocantis-18.08.2023.pdf
https://compras.mg.gov.br/acesso-a-informacoes/consultas/divulgacao-adesao-carona/divulgacao-adesao-carona-2023/;UNIMONTES – Pregão Eletrônico Nº 03/2022 – Gestor – Instituto Federal de Educação, Ciência e Tecnologia do Piauí (07.08.2023);https://compras.mg.gov.br/wp-content/uploads/unimontes-07-08-2023.pdf
https://compras.mg.gov.br/acesso-a-informacoes/consultas/divulgacao-adesao-carona/divulgacao-adesao-carona-2023/;PMMG – Pregão Eletrônico Nº 10/2022 – Gestor – Secretaria da Saúde do Estado de Recife – (31.07.2023);https://compras.mg.gov.br/wp-content/uploads/sec-de-saude-do-estado-de-recife-31.07.2023.pdf
https://compras.mg.gov.br/acesso-a-informacoes/consultas/divulgacao-adesao-carona/divulgacao-adesao-carona-2023/;ESPMG – Pregão Eletrônico Nº 1167/2022 – Gestor – Fundação Universidade do Estado de Santa Catarina – (28.07.2023);https://compras.mg.gov.br/wp-content/uploads/fund-univ-do-estado-santa-catarina-28.07.2023.pdf
https://compras.mg.gov.br/acesso-a-informacoes/consultas/divulgacao-adesao-carona/divulgacao-adesao-carona-2023/;PCMG – Pregão Eletrônico Nº 003/2022 – Gestor – O Consórcio Intermunicipal da Região Central do Estado de São Paulo (CONCEN) – (26.07.2023);https://compras.mg.gov.br/wp-content/uploads/consorcio-intermunicipal-de-sao-paulo-concen-26.07.2023.pdf
https://compras.mg.gov.br/acesso-a-informacoes/consultas/divulgacao-adesao-carona/divulgacao-adesao-carona-2023/;SEJUSP – Pregão Eletrônico Nº 21/2021 – Gestor – Secretaria Nacional de Segurança Pública – (20.07.2023);https://compras.mg.gov.br/wp-content/uploads/sejusp-20.07.2023.pdf
https://compras.mg.gov.br/acesso-a-informacoes/consultas/divulgacao-adesao-carona/divulgacao-adesao-carona-2023/;PMMG – Pregão Eletrônico Nº 25/2022 – Gestor – Ministério da Defesa – Comando do Exército – Comando Militar do Sul – 3ª Região Militar – Hospital Geral de Porto Alegre – RS (17.07.2023);https://compras.mg.gov.br/wp-content/uploads/hospital-porto-alegre-17.07.2023.pdf
https://compras.mg.gov.br/acesso-a-informacoes/consultas/divulgacao-adesao-carona/divulgacao-adesao-carona-2023/;PMMG – Pregão Eletrônico Nº 009/2022 – Gestor – Polícia Militar da Bahia (PMBA) – (17.07.2023);https://compras.mg.gov.br/wp-content/uploads/policia-militar-da-bahia-17.07.2023.pdf
https://compras.mg.gov.br/acesso-a-informacoes/consultas/divulgacao-adesao-carona/divulgacao-adesao-carona-2023/;PCMG – Pregão Eletrônico Nº 009/2022 – Gestor – Consórcio Público para Desenvolvimento do Alto Paraopeba (CODAP) – (14.07.2023);https://compras.mg.gov.br/wp-content/uploads/consorcio-pub-do-alto-paraopeba-14.07.2023.pdf
https://compras.mg.gov.br/acesso-a-informacoes/consultas/divulgacao-adesao-carona/divulgacao-adesao-carona-2023/;PCMG – Pregão Eletrônico Nº 003/2023 – Gestor – Secretaria Nacional de Políticas Penais – (SENAPPEN) (12.07.2023);https://compras.mg.gov.br/wp-content/uploads/policia-civil-mg-12.07.2023.pdf
https://compras.mg.gov.br/acesso-a-informacoes/consultas/divulgacao-adesao-carona/divulgacao-adesao-carona-2023/;PMMG – Pregão Eletrônico Nº 81/2022 – Gestor – Instituição de Cooperação Intermunicipal do Medio Paraopeba – ICISMEP (10.07.2023);https://compras.mg.gov.br/wp-content/uploads/inst-de-coop-inter-paraopeba-10.07.2023.pdf
https://compras.mg.gov.br/acesso-a-informacoes/consultas/divulgacao-adesao-carona/divulgacao-adesao-carona-2023/;PMMG – Pregão Eletrônico Nº 004/2023 – Gestor – Consórcio Intermunicipal Multifinalitário da Área Mineira da Sudene – CIMAMS (04.07.2023);https://compras.mg.gov.br/wp-content/uploads/consorcio-intermunicipal-da-sudene.pdf
https://compras.mg.gov.br/acesso-a-informacoes/consultas/divulgacao-adesao-carona/divulgacao-adesao-carona-2023/;PMMG – Pregão Eletrônico Nº 004/2022 – Gestor – Polícia Militar da Bahia – PMBA (03.07.2023);https://compras.mg.gov.br/wp-content/uploads/carona-3-7-23.pdf
https://compras.mg.gov.br/acesso-a-informacoes/consultas/divulgacao-adesao-carona/divulgacao-adesao-carona-2023/;FHEMIG – Pregão Eletrônico Nº 9.491/2022 – Gestor – Estado Do Rio Grande Do Sul – Secretaria De Planejamento Governança e Gestão, Subsecretaria Da Administração Central De Licitações – Departamento De Gestão De Fornecedores (28.06.2023);https://compras.mg.gov.br/wp-content/uploads/sei-govmg-66178426-oficio.pdf
https://compras.mg.gov.br/acesso-a-informacoes/consultas/divulgacao-adesao-carona/divulgacao-adesao-carona-2023/;PMMG – Ata de Registro de Preços Nº 2022/27994 – Gestor – Secretaria do Planejamento e Gestão – SEPLAG (Ceará) (27.06.2023);https://compras.mg.gov.br/wp-content/uploads/pmmg-27-06.pdf
https://compras.mg.gov.br/acesso-a-informacoes/consultas/divulgacao-adesao-carona/divulgacao-adesao-carona-2023/;PCMG – Pregão Eletrônico Nº 23/2022 – Gestor – Universidade Federal de Itajubá (22.06.2023);https://compras.mg.gov.br/wp-content/uploads/pcmg-23-06-2023.pdf
https://compras.mg.gov.br/acesso-a-informacoes/consultas/divulgacao-adesao-carona/divulgacao-adesao-carona-2023/;PMMG – Pregão Eletrônico Nº 24/2023 – Gestor – Ministério da Educação – Fundação Universidade Federal do Mato Grosso do Sul (22.06.2023);https://compras.mg.gov.br/wp-content/uploads/sei-68239900-declaracao-de-intencao-de-adesao.pdf
https://compras.mg.gov.br/acesso-a-informacoes/consultas/divulgacao-adesao-carona/divulgacao-adesao-carona-2023/;IMA – Ata de Registro de Preços Nº 15/2022 – Gestor – Ministério da Agricultura, Pecuária e Abastecimento (20.06.2023);https://compras.mg.gov.br/wp-content/uploads/sei-67792440-declaracao-de-intencao-de-adesao.pdf
https://compras.mg.gov.br/acesso-a-informacoes/consultas/divulgacao-adesao-carona/divulgacao-adesao-carona-2023/;FHEMIG – Pregão Eletrônico Nº 008/2022 – Gestor – Secretaria de Estado de Saúde do Maranhão (16.06.2023);https://compras.mg.gov.br/wp-content/uploads/sei-66913675-intencao.pdf
https://compras.mg.gov.br/acesso-a-informacoes/consultas/divulgacao-adesao-carona/divulgacao-adesao-carona-2023/;ESP-MG – Pregão Eletrônico Nº 28/2022 – Gestor – Consórcio Intermunicipal de Saúde e de Políticas Públicas de Desenvolvimento da Região do Calcário – CISREC (14.06.2023);https://compras.mg.gov.br/wp-content/uploads/esp-mg-14-06-2023.pdf
https://compras.mg.gov.br/acesso-a-informacoes/consultas/divulgacao-adesao-carona/divulgacao-adesao-carona-2023/;PMMG – Pregão Eletrônico Nº 684/2021 – Gestor – Empresa de Processamento de Dados da Previdência Social (14.06.2023);https://compras.mg.gov.br/wp-content/uploads/sei-67339556-oficio-7.pdf
https://compras.mg.gov.br/acesso-a-informacoes/consultas/divulgacao-adesao-carona/divulgacao-adesao-carona-2023/;PMMG – Pregão Eletrônico Nº 01/2023 – Gestor – MINISTÉRIO DO EXÉRCITO COMANDO MILITAR DO NORDESTE Hospital de Guarnição de João Pessoa – HGU-JP (02.06.2023);https://compras.mg.gov.br/wp-content/uploads/sei-1250.01.0006083-2023-18.pdf
https://compras.mg.gov.br/acesso-a-informacoes/consultas/divulgacao-adesao-carona/divulgacao-adesao-carona-2023/;FHEMIG – Pregão Eletrônico Nº 113/2022 – Gestor – Secretaria de Estado de Saúde do Distrito Federal (30.05.2023);https://compras.mg.gov.br/wp-content/uploads/fhemig-30-05-2023.pdf
https://compras.mg.gov.br/acesso-a-informacoes/consultas/divulgacao-adesao-carona/divulgacao-adesao-carona-2023/;UEMG – Ata de Registro de Preços Nº 04/2022 – Gestor – Consórcio Público Intermunicipal de Desenvolvimento Sustentável do Alto Paranaíba – CISPAR (30.05.2023);https://compras.mg.gov.br/wp-content/uploads/sei-2350.01.0004791-2023-49.pdf
https://compras.mg.gov.br/acesso-a-informacoes/consultas/divulgacao-adesao-carona/divulgacao-adesao-carona-2023/;PCMG – Pregão Eletrônico Nº 29/2020 – Gestor – Secretaria de Estado da Educação, Cultura e Esportes (29.05.2023);https://compras.mg.gov.br/wp-content/uploads/sei-1510.01.0127787-2023-19.pdf
https://compras.mg.gov.br/acesso-a-informacoes/consultas/divulgacao-adesao-carona/divulgacao-adesao-carona-2023/;PCMG – Pregão Eletrônico Nº 03/2022 – Gestor – Polícia Militar do Estado de Goiás (25.05.2023);https://compras.mg.gov.br/wp-content/uploads/sei-1510.01.0093644-2023-89.pdf
https://compras.mg.gov.br/acesso-a-informacoes/consultas/divulgacao-adesao-carona/divulgacao-adesao-carona-2023/;PCMG – Pregão Eletrônico Nº 032/2022 – Gestor – Empresa Brasileira de Pesquisa Agropecuária – EMBRAPA (19.05.2023);https://compras.mg.gov.br/wp-content/uploads/sei-1320.01.0047787-2023-37.pdf
https://compras.mg.gov.br/acesso-a-informacoes/consultas/divulgacao-adesao-carona/divulgacao-adesao-carona-2023/;SES – Ata de Registro de Preços Nº 2023/07519 – Gestor – Secretaria da Saúde do Estado do Ceará (16.05.2023);https://compras.mg.gov.br/wp-content/uploads/ses-16-05-2023.pdf
https://compras.mg.gov.br/acesso-a-informacoes/consultas/divulgacao-adesao-carona/divulgacao-adesao-carona-2023/;UNIMONTES – Pregão Eletrônico Nº 065/2022 – Gestor – Universidade Federal do Rio Grande do Sul – UFRGS (27.04.2023);https://compras.mg.gov.br/wp-content/uploads/unimontes-27-04-2023.pdf
https://compras.mg.gov.br/acesso-a-informacoes/consultas/divulgacao-adesao-carona/divulgacao-adesao-carona-2023/;SEJUSP – Pregão Eletrônico Nº 86/2023 – Gestor – Ministério Público do Distrito Federal e Territórios (26.04.2023);https://compras.mg.gov.br/wp-content/uploads/sejusp-26-04-2023.pdf
https://compras.mg.gov.br/acesso-a-informacoes/consultas/divulgacao-adesao-carona/divulgacao-adesao-carona-2023/;SEJUSP – Pregão Eletrônico Nº 017/2022 – Gestor – Secretaria de Estado da Gestão, Patrimônio e Assistência dos Servidores do Estado do Maranhão – SEGEP/MA (25.04.2023);https://compras.mg.gov.br/wp-content/uploads/sejusp-25-04-2023.pdf
https://compras.mg.gov.br/acesso-a-informacoes/consultas/divulgacao-adesao-carona/divulgacao-adesao-carona-2023/;SEJUSP – Pregão Eletrônico Nº 68/2022 – Gestor – Departamento Penitenciário Nacional/DEPEN (25.04.2023);https://compras.mg.gov.br/wp-content/uploads/sei-1450.01.0055557-2023-28.pdf
https://compras.mg.gov.br/acesso-a-informacoes/consultas/divulgacao-adesao-carona/divulgacao-adesao-carona-2023/;PMMG – Pregão Eletrônico Nº 347/2022 – Gestor – Secretaria da Saúde do Estado do Ceará (20.04.2023);https://compras.mg.gov.br/wp-content/uploads/sei-1250.01.0004167-2023-49.pdf
https://compras.mg.gov.br/acesso-a-informacoes/consultas/divulgacao-adesao-carona/divulgacao-adesao-carona-2023/;SEE – Pregão Eletrônico Nº 022/2022 – Gestor – Consórcio Intermunicipal Multifinalitário da Área Mineira da Sudene – CIMAMS (17.04.2023);https://compras.mg.gov.br/wp-content/uploads/of-3-see-17-04-2023.pdf
https://compras.mg.gov.br/acesso-a-informacoes/consultas/divulgacao-adesao-carona/divulgacao-adesao-carona-2023/;SEE – Pregão Eletrônico Nº 022/2022 – Gestor – Consórcio Intermunicipal Multifinalitário da Área Mineira da Sudene – CIMAMS (17.04.2023);https://compras.mg.gov.br/wp-content/uploads/of-2-see-17-04-2023.pdf
https://compras.mg.gov.br/acesso-a-informacoes/consultas/divulgacao-adesao-carona/divulgacao-adesao-carona-2023/;PMMG – Pregão Eletrônico Nº 109/2022 – Gestor – Governo Do Distrito Federal – GDF (13.04.2023);https://compras.mg.gov.br/wp-content/uploads/pmmg-13-04-2023.pdf
https://compras.mg.gov.br/acesso-a-informacoes/consultas/divulgacao-adesao-carona/divulgacao-adesao-carona-2023/;PMMG – Pregão Eletrônico Nº 28/2022 – Gestor – Prefeitura Municipal de Belo Horizonte – Secretaria Municipal de Saúde (13.04.2023);https://compras.mg.gov.br/wp-content/uploads/sei-1250.01.0004056-2023-39.pdf
https://compras.mg.gov.br/acesso-a-informacoes/consultas/divulgacao-adesao-carona/divulgacao-adesao-carona-2023/;PCMG – Pregão Eletrônico Nº 03/2022 – Gestor – Polícia Militar do Estado de Goiás – PMGO (11.04.2023);https://compras.mg.gov.br/wp-content/uploads/sei-1510.01.0064813-2023-04.pdf
https://compras.mg.gov.br/acesso-a-informacoes/consultas/divulgacao-adesao-carona/divulgacao-adesao-carona-2023/;HEMOMINAS – Pregão Eletrônico Nº 151/2022 – Gestor – Prefeitura Municipal de Ribeirão das Neves (05.04.2023);https://compras.mg.gov.br/wp-content/uploads/hemominas-05-04-2023.pdf
https://compras.mg.gov.br/acesso-a-informacoes/consultas/divulgacao-adesao-carona/divulgacao-adesao-carona-2023/;PCMG – Pregão Eletrônico Nº 032/2022 – Gestor – Empresa Brasileira de Pesquisa Agropecuária – EMBRAPA (03.04.2023);https://compras.mg.gov.br/wp-content/uploads/ofa-cio-divulgaa-a-o-de-intena-a-o-de-carona.pdf
https://compras.mg.gov.br/acesso-a-informacoes/consultas/divulgacao-adesao-carona/divulgacao-adesao-carona-2023/;PCMG – Pregão Eletrônico Nº 007/2022 – Gestor – Universidade Federal de Alfenas – UNIFAL-MG (30.03.2023);https://compras.mg.gov.br/wp-content/uploads/pcmg-30-03-2023.pdf
https://compras.mg.gov.br/acesso-a-informacoes/consultas/divulgacao-adesao-carona/divulgacao-adesao-carona-2023/;PMMG – Pregão Eletrônico Nº 11/2022 – Gestor – Hospital Naval de Natal (HNNa) (30.03.2023);https://compras.mg.gov.br/wp-content/uploads/pmmg-30-03-2023.pdf
https://compras.mg.gov.br/acesso-a-informacoes/consultas/divulgacao-adesao-carona/divulgacao-adesao-carona-2023/;PMMG – Pregão Eletrônico Nº 004/2022 – Gestor – Polícia Militar da Bahia – PMBA (29.03.2023);https://compras.mg.gov.br/wp-content/uploads/sei-1250.01.0003465-2023-88.pdf
https://compras.mg.gov.br/acesso-a-informacoes/consultas/divulgacao-adesao-carona/divulgacao-adesao-carona-2023/;PCMG – Pregão Eletrônico Nº 009/2022 – Gestor – Consórcio Público para Desenvolvimento do Alto Paraopeba – CODAP (27.03.2023);https://compras.mg.gov.br/wp-content/uploads/sei-govmg-63087944-oficio.pdf
https://compras.mg.gov.br/acesso-a-informacoes/consultas/divulgacao-adesao-carona/divulgacao-adesao-carona-2023/;PMMG – Pregão Eletrônico Nº 23/2022 – Gestor – Ministério da Defesa / Hospital Militar de Área de Campo Grande (24.03.2023);https://compras.mg.gov.br/wp-content/uploads/pmmg-24-03-2023.pdf
https://compras.mg.gov.br/acesso-a-informacoes/consultas/divulgacao-adesao-carona/divulgacao-adesao-carona-2023/;SEPLAG – Pregão Eletrônico Nº 54/2022 – Gestor – Procuradoria Geral de Justiça de Minas Gerais – PGJMG (20.03.2023);https://compras.mg.gov.br/wp-content/uploads/sei-1500.01.0046365-2023-67.pdf
https://compras.mg.gov.br/acesso-a-informacoes/consultas/divulgacao-adesao-carona/divulgacao-adesao-carona-2023/;PCMG – Pregão Eletrônico Nº 31/2022 – Gestor – Universidade Federal de Viçosa (15.03.2023);https://compras.mg.gov.br/wp-content/uploads/vicosa-pcmg-15-03-2023.pdf
https://compras.mg.gov.br/acesso-a-informacoes/consultas/divulgacao-adesao-carona/divulgacao-adesao-carona-2023/;PCMG – Pregão Eletrônico Nº 47/2022 – Gestor – Município de Pitangui (15.03.2023);https://compras.mg.gov.br/wp-content/uploads/pcmg-15-03-2023.pdf
https://compras.mg.gov.br/acesso-a-informacoes/consultas/divulgacao-adesao-carona/divulgacao-adesao-carona-2023/;PCMG – Pregão Eletrônico Nº 06/2022 – Gestor – Consórcio Interfederativo Santa Catarina – CINCATARINA (07.03.2023);https://compras.mg.gov.br/wp-content/uploads/19-pcmg-08-03-2023.pdf
https://compras.mg.gov.br/acesso-a-informacoes/consultas/divulgacao-adesao-carona/divulgacao-adesao-carona-2023/;PCMG – Pregão Eletrônico Nº 06/2022 – Gestor – Consórcio Interfederativo Santa Catarina – CINCATARINA (07.03.2023);https://compras.mg.gov.br/wp-content/uploads/of.-18-pcmg-07-03-2023.pdf
https://compras.mg.gov.br/acesso-a-informacoes/consultas/divulgacao-adesao-carona/divulgacao-adesao-carona-2023/;PCMG – Pregão Eletrônico Nº 06/2022 – Gestor – Consórcio Interfederativo Santa Catarina – CINCATARINA (07.03.2023);https://compras.mg.gov.br/wp-content/uploads/sei-1510.01.0038303-2023-11.pdf
https://compras.mg.gov.br/acesso-a-informacoes/consultas/divulgacao-adesao-carona/divulgacao-adesao-carona-2023/;SES – Pregão Eletrônico Nº 11/2022 – Gestor – Secretaria de Gestão do Ministério da Economia (SEGES-ME) (16.02.2023);https://compras.mg.gov.br/wp-content/uploads/ses-16-02-2023.pdf
https://compras.mg.gov.br/acesso-a-informacoes/consultas/divulgacao-adesao-carona/divulgacao-adesao-carona-2023/;SEJUSP – Pregão Eletrônico Nº 074/2022 – Gestor – Secretaria de Estado da Saúde do Estado do Espírito Santo (16.02.2023);https://compras.mg.gov.br/wp-content/uploads/sei-1450.01.0010734-2023-77.pdf
https://compras.mg.gov.br/acesso-a-informacoes/consultas/divulgacao-adesao-carona/divulgacao-adesao-carona-2023/;PCMG – Pregão Eletrônico Nº 003/2022 – Gestor – Consórcio Intermunicipal Multifinalitário do Baixo Jequitinhonha – CIMBAJE (15.02.2023);https://compras.mg.gov.br/wp-content/uploads/sei-govmg-60836569-ofa-cio-divulgaa-a-o-carona.pdf
https://compras.mg.gov.br/acesso-a-informacoes/consultas/divulgacao-adesao-carona/divulgacao-adesao-carona-2023/;PMMG – Pregão Eletrônico Nº 38/2022 – Gestor – Prefeitura Municipal de Governador Valadares (14.02.2023);https://compras.mg.gov.br/wp-content/uploads/sei-1250.01.0001429-2023-61.pdf
https://compras.mg.gov.br/acesso-a-informacoes/consultas/divulgacao-adesao-carona/divulgacao-adesao-carona-2023/;SEJUSP – Ata de Registro de Preços Nº 074/2022 – Gestor – Consórcio Intermunicipal de Saúde e de Políticas Públicas de Desenvolvimento da Região do Calcário – CISREC (02.02.2023);https://compras.mg.gov.br/wp-content/uploads/sei-1450.01.0017537-2023-17.pdf
https://compras.mg.gov.br/acesso-a-informacoes/consultas/divulgacao-adesao-carona/divulgacao-adesao-carona-2023/;SEPLAG/DLA – Ata de Registro de Preços Nº 21/2022 – Gestor – Ministério da Economia, por meio da Central de Compras/SEGES/SEDGG (20.01.2023);https://compras.mg.gov.br/wp-content/uploads/seplag-dla-20-01-2023.pdf
https://compras.mg.gov.br/acesso-a-informacoes/consultas/divulgacao-adesao-carona/;SEPLAG – Ata de Registro de Preços n° 021/2024 – Gestor – MINISTÉRIO DA JUSTIÇA E SEGURANÇA PÚBLICA – MJSP;https://compras.mg.gov.br/wp-content/uploads/SEI_145681192_Memorando_486.pdf
https://compras.mg.gov.br/acesso-a-informacoes/consultas/divulgacao-adesao-carona/;(31.07.2026);https://compras.mg.gov.br/wp-content/uploads/SEI_115404317_Oficio_47.pdf
https://compras.mg.gov.br/acesso-a-informacoes/consultas/divulgacao-adesao-carona/;SEJUSP – Ata de Registro de Preços n° 22/2024 – Gestor – POLÍCIA MILITAR DO ESPÍRITO SANTO;https://compras.mg.gov.br/wp-content/uploads/SEI_122291271_Oficio_98.pdf
https://compras.mg.gov.br/acesso-a-informacoes/consultas/divulgacao-adesao-carona/;SEJUSP – Ata de Registro de Preços nº 40/2024 – Pregão Eletrônico nº 90.001/2024 – Gestor – MINISTÉRIO DA GESTÃO E DA INOVAÇÃO EM SERVIÇOS PÚBLICOS;https://compras.mg.gov.br/wp-content/uploads/SEJUSP-20-05-2025.pdf
https://compras.mg.gov.br/acesso-a-informacoes/consultas/divulgacao-adesao-carona/;(20.05.2025);https://compras.mg.gov.br/wp-content/uploads/SEI_96599620_Oficio_152.pdf
https://compras.mg.gov.br/acesso-a-informacoes/consultas/divulgacao-adesao-carona/;PCMG – Ata de Registro de Preços nº 11/2024 – Pregão Eletrônico nº 13/2023 – Gestor – POLÍCIA FEDERAL (09.05.2025);https://compras.mg.gov.br/wp-content/uploads/PCMG-09-05-2025.pdf
https://compras.mg.gov.br/acesso-a-informacoes/consultas/divulgacao-adesao-carona/;PCMG – Ata de Registro de Preços nº 12/2024 – Pregão Eletrônico nº 064/2023 – Gestor – POLÍCIA MILITAR DO ESPÍRITO SANTO – PMES (25.03.2025);https://compras.mg.gov.br/wp-content/uploads/PCMG-25-03-2025.pdf
https://compras.mg.gov.br/acesso-a-informacoes/consultas/divulgacao-adesao-carona/;PCMG – Ata de Registro de Preços nº 12/2024 – Pregão Eletrônico nº 02/2023 – Gestor – SECRETARIA NACIONAL DE SEGURANÇA PÚBLICA (17.03.2025);https://compras.mg.gov.br/wp-content/uploads/PCMG-17-03-2025.pdf
https://compras.mg.gov.br/acesso-a-informacoes/consultas/divulgacao-adesao-carona/;SEJUSP – Ata de Registro de Preços nº 16/2024 – Pregão Eletrônico nº 016/2024 – Gestor – CONSÓRCIO INTERMUNICIPAL MULTIFINALITÁRIO DOS MUNICÍPIOS DO EXTREMO SUL DE MINAS – CIMESMI;https://compras.mg.gov.br/wp-content/uploads/SEJUSP-10-03-2025.pdf
https://compras.mg.gov.br/acesso-a-informacoes/consultas/divulgacao-adesao-carona/;SES – Ata de Registro de Preços nº 14/2024 – Pregão Eletrônico nº 42/2023 – Gestor – SECRETARIA DE ESTADO DE SAÚDE PÚBLICA DO PARÁ (SESPA);https://compras.mg.gov.br/wp-content/uploads/SESPA.pdf
https://compras.mg.gov.br/acesso-a-informacoes/consultas/divulgacao-adesao-carona/;SES – Ata de Registro de Preços nº 262/2024 – Pregão Eletrônico nº 134/2023 – Gestor – CONSÓRCIO PÚBLICO INSTITUIÇÃO DE COOPERAÇÃO INTERMUNICIPAL DO MÉDIO PARAOPEBA (ICISMEP);https://compras.mg.gov.br/wp-content/uploads/SES-CONSORCIO.pdf
https://compras.mg.gov.br/acesso-a-informacoes/consultas/divulgacao-adesao-carona/;SEPLAG – Ata de Registro de Preços nº 014/2023  – Gestor – CENTRO DE TECNOLOGIA DE INFORMAÇÃO E COMUNICAÇÃO DO ESTADO DO RIO DE JANEIRO – PRODERJ;https://compras.mg.gov.br/wp-content/uploads/SEPLAG-09-01-2025.pdf
https://compras.mg.gov.br/acesso-a-informacoes/consultas/divulgacao-adesao-carona/;FHEMIG – Ata de Registro de Preços nº 03-120/2022 – Pregão Eletrônico nº 174/2023 – Gestor – HOSPITAL METROPOLITANO ODILON BEHRENS;https://compras.mg.gov.br/wp-content/uploads/FHEMIG-27-12-2024.pdf
https://compras.mg.gov.br/acesso-a-informacoes/consultas/divulgacao-adesao-carona/;SEJUSP – Ata de Registro de Preços nº ARP24CIN000165 – Pregão Eletrônico nº 0092/2023 – Gestor – CONSÓRCIO INTERFEDERATIVO SANTA CATARINA – CINCATARINA;https://compras.mg.gov.br/wp-content/uploads/SEJUSP-26-12-2024.pdf
https://compras.mg.gov.br/acesso-a-informacoes/consultas/divulgacao-adesao-carona/;SEJUSP – Ata de Registro de Preços nº 316/2023 – Pregão Eletrônico nº 430/2023 – Gestor – CORPO DE BOMBEIROS MILITAR DE MINAS GERAIS;https://compras.mg.gov.br/wp-content/uploads/SEJUSP-16-12-2024.pdf
https://compras.mg.gov.br/acesso-a-informacoes/consultas/divulgacao-adesao-carona/;SEE – Ata de Registro de Preços nº 0002/2024-05 – Pregão Eletrônico nº 008/2023 –   Gestor – SECRETARIA DE ESTADO DE EDUCAÇÃO (SEEDUC) DO GOVERNO DO ESTADO DO RIO DE JANEIRO (16.12.2024);https://compras.mg.gov.br/wp-content/uploads/SEE-16-12-2024.pdf
https://compras.mg.gov.br/acesso-a-informacoes/consultas/divulgacao-adesao-carona/;FHA – Ata de Registro de Preços nº 17/2024 – Pregão Eletrônico nº 21/2023 –   Gestor – MUNICÍPIO DE SANTO ANTÔNIO DO RIO ABAIXO/MG (16.12.2024);https://compras.mg.gov.br/wp-content/uploads/FHA-16-12-2024.pdf
https://compras.mg.gov.br/acesso-a-informacoes/consultas/divulgacao-adesao-carona/;PMMG – Ata de Registro de Preços nº 012/2024 – Pregão Eletrônico nº 064/2023 –   Gestor – POLÍCIA MILITAR DO ESPÍRITO SANTO (16.12.2024);https://compras.mg.gov.br/wp-content/uploads/PMMG-16-12-2024.pdf
https://compras.mg.gov.br/acesso-a-informacoes/consultas/divulgacao-adesao-carona/;CBMMG – Ata de Registro de Preços nº 28/2024 – Pregão Eletrônico nº 017/2024 – Gestor – CORPO DE BOMBEIROS MILITAR DA BAHIA (16.12.2024);https://compras.mg.gov.br/wp-content/uploads/CBMMG-16-12-2024.pdf
https://compras.mg.gov.br/acesso-a-informacoes/consultas/divulgacao-adesao-carona/;SEJUSP – Ata de Registro de Preços nº 211/2024 –  Gestor – SECRETARIA DE PLANEJAMENTO, GOVERNANÇA E GESTÃO / RIO GRANDE DO SUL;https://compras.mg.gov.br/wp-content/uploads/SEJUSP-11-12-2024.pdf
https://compras.mg.gov.br/acesso-a-informacoes/consultas/divulgacao-adesao-carona/;SEGOV – Ata de Registro de Preços nº 153/2023 – Pregão Eletrônico nº 153/2023 – Gestor – PREFEITURA MUNICIPAL DE SANTA MARIA/RS – SECRETARIA DE MUNICÍPIO DE FINANÇAS;https://compras.mg.gov.br/wp-content/uploads/SEGOV-02-12-2024.pdf
https://compras.mg.gov.br/acesso-a-informacoes/consultas/divulgacao-adesao-carona/;SEJUSP – Ata de Registro de Preços nº 285/2023 – Pregão Eletrônico nº 315/2023 – Gestor – CENTRO DE SUPRIMENTOS E AQUISIÇÕES DE TECNOLOGIA DA INFORMAÇÃO E TELECOMUNICAÇÕES, CSA-TIC;https://compras.mg.gov.br/wp-content/uploads/SEJUSP-27-11-2024.pdf
https://compras.mg.gov.br/acesso-a-informacoes/consultas/divulgacao-adesao-carona/;PMMG – Ata de Registro de Preços nº 197/2024 –  Gestor – PREFEITURA MUNICIPAL DE CAXAMBU – MG (25.11.2024);https://compras.mg.gov.br/wp-content/uploads/PMMG-25-11-2024.pdf
https://compras.mg.gov.br/acesso-a-informacoes/consultas/divulgacao-adesao-carona/;PMMG – Ata de Registro de Preços nº 0234/2023 – Pregão Eletrônico nº 234/2023 – Gestor – PROCURADORIA GERAL DE JUSTIÇA (18.11.2024);https://compras.mg.gov.br/wp-content/uploads/PMMG-18-11-2024.pdf
https://compras.mg.gov.br/acesso-a-informacoes/consultas/divulgacao-adesao-carona/;PMMG – Ata de Registro de Preços nº 137/2023 – Pregão Eletrônico nº 108/2023 – Gestor – PREFEITURA MUNICIPAL DE CATAGUASES/MG (13.11.2024);https://compras.mg.gov.br/wp-content/uploads/PMMG-13-11-2024.pdf
https://compras.mg.gov.br/acesso-a-informacoes/consultas/divulgacao-adesao-carona/;PMMG – Ata de Registro de Preços nº 94/2023 – Pregão Eletrônico nº 67/2023 – Gestor – GRUPAMENTO DE APOIO DE LAGOA SANTA (11.11.2024);https://compras.mg.gov.br/wp-content/uploads/PMMG-11-11-2024.pdf
https://compras.mg.gov.br/acesso-a-informacoes/consultas/divulgacao-adesao-carona/;SEJUSP – Ata de Registro de Preços nº 301/2023 – Pregão Eletrônico nº 186/2023 – Gestor – PROCURADORIA GERAL DA JUSTIÇA;https://compras.mg.gov.br/wp-content/uploads/SEJUSP-11-11-2024.pdf
https://compras.mg.gov.br/acesso-a-informacoes/consultas/divulgacao-adesao-carona/;SEJUSP – Ata de Registro de Preços nº 31000/2024-04-00 – Pregão Eletrônico nº 90006/2024 – Gestor – MARINHA DO BRASIL – COMANDO DO MATERIAL DE FUZILEIROS NAVAIS;https://compras.mg.gov.br/wp-content/uploads/SEJUSP-08-11-2024-DECRETO.pdf
https://compras.mg.gov.br/acesso-a-informacoes/consultas/divulgacao-adesao-carona/;SEJUSP – Ata de Registro de Preços nº 27/2024 – Pregão Eletrônico nº 436/2023 – Gestor – PROCURADORIA GERAL DA JUSTIÇA;https://compras.mg.gov.br/wp-content/uploads/SEJUSP-08-11-2024.pdf
https://compras.mg.gov.br/acesso-a-informacoes/consultas/divulgacao-adesao-carona/;CBMMG – Ata de Registro de Preços nº 110/2024 – Pregão nº 52/2023 – Gestor – MINISTÉRIO DA DEFESA – EXÉRCITO BRASILEIRO – BASE DE AVIAÇÃO DE TAUBATÉ – UNIDADE 160518 – BAVTI (05.11.2024);https://compras.mg.gov.br/wp-content/uploads/CBM-05-11-2024.pdf
https://compras.mg.gov.br/acesso-a-informacoes/consultas/divulgacao-adesao-carona/;SEMAD – Ata de Registro de Preços nº 8/2023 – Pregão Eletrônico nº 12/2023 – Gestor – CENTRO DA TECNOLOGIA DA INFORMAÇÃO E COMUNICAÇÃO DO ESTADO DO RIO DE JANEIRO;https://compras.mg.gov.br/wp-content/uploads/SEMAD-29-10-2024.pdf
https://compras.mg.gov.br/acesso-a-informacoes/consultas/divulgacao-adesao-carona/;SEJUSP – Ata de Registro de Preços nº 27/2024 – Pregão Eletrônico nº 436/2023 – Gestor – PROCURADORIA GERAL DA JUSTIÇA;https://compras.mg.gov.br/wp-content/uploads/SEJUSP-25-10-24.pdf
https://compras.mg.gov.br/acesso-a-informacoes/consultas/divulgacao-adesao-carona/;CBMMG – Ata de Registro de Preços nº 16/2024 – Pregão Eletrônico nº 16/2024 – Gestor – CONSÓRCIO INTERMUNICIPAL MULTIFINALITÁRIO DOS MUNICÍPIOS DO EXTREMO SUL DE MINAS – CIMESMI (22.10.2024);https://compras.mg.gov.br/wp-content/uploads/CBMMG-22-10-2024.pdf
https://compras.mg.gov.br/acesso-a-informacoes/consultas/divulgacao-adesao-carona/;CBMMG – Ata de Registro de Preços nº 31000/2024-01/00 – Pregão Eletrônico nº 01/2024 – Gestor – MARINHA DO BRASIL (21.10.2024);https://compras.mg.gov.br/wp-content/uploads/CBMMG-21-10-2024.pdf
https://compras.mg.gov.br/acesso-a-informacoes/consultas/divulgacao-adesao-carona/;FHEMIG – Pregão Eletrônico nº PREG-e-183/2023 – Gestor – SESA – SECRETARIA DE ESTADO DA SAÚDE DO PARANÁ;https://compras.mg.gov.br/wp-content/uploads/FHEMIG-21-10-2024.pdf
https://compras.mg.gov.br/acesso-a-informacoes/consultas/divulgacao-adesao-carona/;SEJUSP – Ata de Registro de Preços nº 17/2024 – Pregão Eletrônico nº 14/2024/DL/PMPA – Gestor – POLÍCIA MILITAR DO ESTADO DO PARÁ;https://compras.mg.gov.br/wp-content/uploads/SEJUSP-18-10-2024.pdf
https://compras.mg.gov.br/acesso-a-informacoes/consultas/divulgacao-adesao-carona/;SEJUSP – Ata de Registro de Preços nº ARP24CIN000310 – Pregão Eletrônico nº 0088/2023 – Gestor – CONSÓRCIO INTERFEDERATIVO SANTA CATARINA – CINCATARINA;https://compras.mg.gov.br/wp-content/uploads/SEJUSP-14-10-2024-CATARINA.pdf
https://compras.mg.gov.br/acesso-a-informacoes/consultas/divulgacao-adesao-carona/;SEJUSP – Ata de Registro de Preços nº 40/2024 – Pregão Eletrônico nº 90.001/2024 – Gestor – MINISTÉRIO DA GESTÃO E DA INOVAÇÃO EM SERVIÇOS PÚBLICOS;https://compras.mg.gov.br/wp-content/uploads/SEJUSP-14-10-2024-1.pdf
https://compras.mg.gov.br/acesso-a-informacoes/consultas/divulgacao-adesao-carona/;CBMMG – Ata de Registro de Preços nº 47/2023 – Pregão Eletrônico nº 47/2023 – Gestor – UNIVERSIDADE FEDERAL DA BAHIA (09.10.2024);https://compras.mg.gov.br/wp-content/uploads/CBMMG-09-10-2024.pdf
https://compras.mg.gov.br/acesso-a-informacoes/consultas/divulgacao-adesao-carona/;SEJUSP – Ata de Registro de Preços nº 85/2023 – Pregão Eletrônico nº 21/2023 – Gestor – POLÍCIA RODOVIÁRIA FEDERAL – PRF;https://compras.mg.gov.br/wp-content/uploads/SEJUSP-08-10-2024.pdf
https://compras.mg.gov.br/acesso-a-informacoes/consultas/divulgacao-adesao-carona/;PCMG – Ata de Registro de Preços nº 054/2024 – Pregão Eletrônico nº 44/2024 – Gestor – SECRETARIA DE ESTADO DA ADMINISTRAÇÃO – SEAD/MA – SECRETARIA ADJUNTA DE LICITAÇÕES E COMPRAS ESTRATÉGICAS – SALIC (04.10.2024);https://compras.mg.gov.br/wp-content/uploads/OF-168-PCMG-04-10-2024.pdf
https://compras.mg.gov.br/acesso-a-informacoes/consultas/divulgacao-adesao-carona/;PCMG – Ata de Registro de Preços nº 054/2024 – Pregão Eletrônico nº 44/2024 – Gestor – SECRETARIA DE ESTADO DA ADMINISTRAÇÃO – SEAD/MA – SECRETARIA ADJUNTA DE LICITAÇÕES E COMPRAS ESTRATÉGICAS – SALIC (04.10.2024);https://compras.mg.gov.br/wp-content/uploads/PCMG-04-10-2024.pdf
https://compras.mg.gov.br/acesso-a-informacoes/consultas/divulgacao-adesao-carona/;SEJUSP – Ata de Registro de Preços nº 12/2024 – Pregão Eletrônico nº 02/2023 – Gestor – SECRETARIA NACIONAL DE SEGURANÇA PÚBLICA DO MINISTÉRIO DA JUSTIÇA E SEGURANÇA PÚBLICA;https://compras.mg.gov.br/wp-content/uploads/SEJUSP-27-09-2024.pdf
https://compras.mg.gov.br/acesso-a-informacoes/consultas/divulgacao-adesao-carona/;PMMG – Ata de Registro de Preços nº 10/2024 – Pregão Eletrônico nº 03/2023 – Gestor – CONSÓRCIO PÚBLICO DA ASSOCIAÇÃO DOS MUNICÍPIOS DA REGIÃO METROPOLITANA DE PORTO ALEGRE / RS (25.09.2024);https://compras.mg.gov.br/wp-content/uploads/PMMG-25-09-2024.pdf
https://compras.mg.gov.br/acesso-a-informacoes/consultas/divulgacao-adesao-carona/;PMMG – Ata de Registro de Preços nº 90006-01/2024 – Pregão Eletrônico nº 90006/2024 – Gestor – COMANDO DA 1ª DIVISÃO DE EXÉRCITO (CMDO 1ª DE) – RJ (24.09.2024);https://compras.mg.gov.br/wp-content/uploads/OF.-38-PMMG-24-09-2024.pdf
https://compras.mg.gov.br/acesso-a-informacoes/consultas/divulgacao-adesao-carona/;PMMG – Ata de Registro de Preços nº 0071/2023 – Pregão Eletrônico nº 249/2022 – Gestor – SECRETARIA DE ESTADO DA ADMINISTRAÇÃO DA PARAÍBA (24.09.2024);https://compras.mg.gov.br/wp-content/uploads/PMMG-24-09-2024.pdf
https://compras.mg.gov.br/acesso-a-informacoes/consultas/divulgacao-adesao-carona/;PCMG – Ata de Registro de Preços nº 88/2024 – Pregão Eletrônico nº 0916/2023 – Gestor – CELIC – SUBSECRETARIADA ADMIN. CENTRAL DE LICITAÇÕES – RS (23.09.2024);https://compras.mg.gov.br/wp-content/uploads/PCMG-23-09-2024.pdf
https://compras.mg.gov.br/acesso-a-informacoes/consultas/divulgacao-adesao-carona/;UNIMONTES – Ata de Registro de Preços nº 029/2023 – Pregão Eletrônico Nº 029/2023 – Gestor – Consórcio Intermunicipal para o Desenvolvimento Ambiental, Sustentável do Norte de Minas – CODANORTE (20.09.2024);https://compras.mg.gov.br/wp-content/uploads/UNIMONTES-24-09-2024.pdf
https://compras.mg.gov.br/acesso-a-informacoes/consultas/divulgacao-adesao-carona/;PMMG – Ata de Registro de Preços nº 58/2023 – Pregão Eletrônico nº 174/2023 – Gestor – UNIVERSIDADE FEDERAL DE SANTA CATARINA – UFSC (20.09.2024);https://compras.mg.gov.br/wp-content/uploads/SEI_97773266_Declaracao_de_Intencao_de_Adesao.pdf
https://compras.mg.gov.br/acesso-a-informacoes/consultas/divulgacao-adesao-carona/;PCMG – Ata de Registro de Preços nº 001/2023 – Pregão Eletrônico nº 072/2023/SSP – Gestor – SECRETARIA DE ESTADO DE SEGURANÇA PÚBLICA (19.09.2024);https://compras.mg.gov.br/wp-content/uploads/SEI_97545552_Oficio_160.pdf
https://compras.mg.gov.br/acesso-a-informacoes/consultas/divulgacao-adesao-carona/;PCMG – Ata de Registro de Preços nº SEI 9836477 – Pregão Eletrônico nº 08/2023 – Gestor – EMPRESA BRASILEIRA DE PESQUISA AGROPECUÁRIA – EMBRAPA (19.09.2024);https://compras.mg.gov.br/wp-content/uploads/SEI_97579512_Oficio_161.pdf
https://compras.mg.gov.br/acesso-a-informacoes/consultas/divulgacao-adesao-carona/;SEJUSP – Ata de Registro de Preços nº 194/2023 – Pregão Eletrônico nº 217/2023 – Gestor – FUNDAÇÃO HOSPITALAR DO ESTADO DE MINAS GERAIS;https://compras.mg.gov.br/wp-content/uploads/SEI_97285757_Oficio_157.pdf
https://compras.mg.gov.br/acesso-a-informacoes/consultas/divulgacao-adesao-carona/;PCMG – Ata de Registro de Preços nº 22/2023 – Pregão Eletrônico nº 24/2023 – Gestor – MINISTÉRIO PÚBLICO DO ESTADO DO PIAUÍ (12.09.2024);https://compras.mg.gov.br/wp-content/uploads/SEI_96599270_Oficio_151.pdf
https://compras.mg.gov.br/acesso-a-informacoes/consultas/divulgacao-adesao-carona/;PCMG – Ata de Registro de Preços nº 85/2023 – Pregão Eletrônico nº 21/2023 – Gestor – POLÍCIA RODOVIÁRIA FEDERAL UASG: 200109 (12.09.2024);https://compras.mg.gov.br/wp-content/uploads/SEI_97031263_Oficio_154.pdf
https://compras.mg.gov.br/acesso-a-informacoes/consultas/divulgacao-adesao-carona/;PCMG – Ata de Registro de Preços nº 30/2023 – Pregão Eletrônico nº 05/2023 – Gestor – INSTITUTO FEDERAL DE EDUCAÇÃO, CIÊNCIA E TECNOLOGIA – CAMPUS SÃO LUÍS MARACANÃ/MARANHÃO (10.09.2024);https://compras.mg.gov.br/wp-content/uploads/SEI_96861720_Oficio_153-2.pdf
https://compras.mg.gov.br/acesso-a-informacoes/consultas/divulgacao-adesao-carona/;PMMG – Ata de Registro de Preços nº 058/2024 – Pregão Eletrônico nº 11.399/2023 – Gestor – AGÊNCIA DE MODERNIZAÇÃO DA GESTÃO DE PROCESSOS – AMGESP/AL (06.09.2024);https://compras.mg.gov.br/wp-content/uploads/SEI_1250.01.0008984_2024_64.pdf
https://compras.mg.gov.br/acesso-a-informacoes/consultas/divulgacao-adesao-carona/;PCMG – Ata de Registro de Preços nº 22/2023 – Pregão Eletrônico nº 24/2023 – Gestor – MINISTÉRIO PÚBLICO DO ESTADO DO PIAUÍ (04.09.2024);https://compras.mg.gov.br/wp-content/uploads/SEI_96486961_Oficio_150.pdf
https://compras.mg.gov.br/acesso-a-informacoes/consultas/divulgacao-adesao-carona/;PCMG – Ata de Registro de Preços nº 03/2022 – Pregão Eletrônico nº 03/2023 – Gestor – BATALHÃO ESCOLA DE COMUNICAÇÕES (03.09.2024);https://compras.mg.gov.br/wp-content/uploads/SEI_96092903_Oficio_144.pdf
https://compras.mg.gov.br/acesso-a-informacoes/consultas/divulgacao-adesao-carona/;PCMG – Ata de Registro de Preços nº 22/2023 – Pregão Eletrônico nº 24/2023 – Gestor – MINISTÉRIO PÚBLICO DO ESTADO DO PIAUÍ (03.09.2024);https://compras.mg.gov.br/wp-content/uploads/SEI_96411297_Oficio_148.pdf
https://compras.mg.gov.br/acesso-a-informacoes/consultas/divulgacao-adesao-carona/;PMMG – Ata de Registro de Preços nº 24/2024 – Pregão Eletrônico nº 145/2023 – Gestor – PREFEITURA MUNICIPAL DE ARACAJU (02.09.2024);https://compras.mg.gov.br/wp-content/uploads/SEI_96189995_Declaracao_de_Intencao_de_Adesao.pdf
https://compras.mg.gov.br/acesso-a-informacoes/consultas/divulgacao-adesao-carona/;PMMG – Ata de Registro de Preços nº 26/2024 – Pregão Eletrônico nº 159/2023 – Gestor – PREFEITURA MUNICIPAL DE ARACAJU (02.09.2024);https://compras.mg.gov.br/wp-content/uploads/SEI_96168584_Declaracao_de_Intencao_de_Adesao.pdf
https://compras.mg.gov.br/acesso-a-informacoes/consultas/divulgacao-adesao-carona/;SECOM – Ata de Registro de Preços nº 40/2024 – Pregão Eletrônico nº 90001/2024 – Gestor – MINISTÉRIO DA GESTÃO E DA INOVAÇÃO EM SERVIÇOS PÚBLICOS (30.08.2024);https://compras.mg.gov.br/wp-content/uploads/SEI_96115719_Oficio_36.pdf
https://compras.mg.gov.br/acesso-a-informacoes/consultas/divulgacao-adesao-carona/;PCMG – Ata de Registro de Preços nº 040/SAD/2024-5– Pregão Eletrônico nº 14/2024 – Gestor – SECRETARIA DE ESTADO DE ADMINISTRAÇÃO DO MATO GROSSO DO SUL – SAD/MS (29.08.2024);https://compras.mg.gov.br/wp-content/uploads/SEI_96083261_Oficio_143.pdf
https://compras.mg.gov.br/acesso-a-informacoes/consultas/divulgacao-adesao-carona/;SEJUSP/DTT – Ata de Registro de Preços nº 91500/2024 – Pregão Eletrônico nº 20230786 – Gestor – IFSP – INSTITUTO FEDERAL DE EDUCAÇÃO, CIÊNCIA E TECNOLOGIA DE SÃO PAULO/SP (29.08.2024);https://compras.mg.gov.br/wp-content/uploads/SEI_95904147_Oficio_3-1.pdf
https://compras.mg.gov.br/acesso-a-informacoes/consultas/divulgacao-adesao-carona/;PCMG – Ata de Registro de Preços nº 276/2024 – Pregão Eletrônico nº 956/2023 – Gestor – CELIC – SUBSECRETARIA ADMIN. CENTRAL DE LICITAÇÕES – RS (28.08.2024);https://compras.mg.gov.br/wp-content/uploads/SEI_95946681_Oficio_140.pdf
https://compras.mg.gov.br/acesso-a-informacoes/consultas/divulgacao-adesao-carona/;PCMG – Ata de Registro de Preços nº 040/SAD/2024 – Pregão Eletrônico nº 23/2023 – Gestor – SECRETARIA DE ESTADO DE ADMINISTRAÇÃO DO MATO GROSSO DO SUL (28.08.2024);https://compras.mg.gov.br/wp-content/uploads/SEI_95833036_Oficio_139.pdf
https://compras.mg.gov.br/acesso-a-informacoes/consultas/divulgacao-adesao-carona/;IPSEMG – Ata de Registro de Preços nº 193/2023 – Pregão Eletrônico nº 61/2023 – Gestor – SEPLAG – SECRETARIA DE ESTADO DE PLANEJAMENTO E GESTÃO/MG (27.08.2024);https://compras.mg.gov.br/wp-content/uploads/SEI_95009495_Memorando_1551.pdf
https://compras.mg.gov.br/acesso-a-informacoes/consultas/divulgacao-adesao-carona/;PCMG – Ata de Registro de Preços nº 276/2024 – Pregão Eletrônico nº 956/2023 – Gestor – CELIC – SUBSECRETARIA ADMIN CENTRAL DE LICITRAÇÕES/RS (19.08.2024);https://compras.mg.gov.br/wp-content/uploads/SEI_95208514_Oficio_136.pdf
https://compras.mg.gov.br/acesso-a-informacoes/consultas/divulgacao-adesao-carona/;SEPLAG – Ata de Registro de Preços nº 267/2023 – Pregão Eletrônico nº 323/2023 – Gestor – PMMG – Polícia Militar de Minas Gerais Representante por intermédio do Centro de Serviços Compartilhados Saúde/DS (14.08.2024);https://compras.mg.gov.br/wp-content/uploads/SEI_94271669_Declaracao_de_Intencao_de_Adesao.pdf
https://compras.mg.gov.br/acesso-a-informacoes/consultas/divulgacao-adesao-carona/;PMMG – Ata de Registro de Preços nº 02/2023 – Pregão Eletrônico nº 03/2023 – Gestor – INDÚSTRIA DE MATERIAL BÉLICO DO BRASIL – IMBEL (09.08.2024);https://compras.mg.gov.br/wp-content/uploads/SEI_94723556_Declaracao_de_Intencao_de_Adesao.pdf
https://compras.mg.gov.br/acesso-a-informacoes/consultas/divulgacao-adesao-carona/;PCMG – Ata de Registro de Preços nº 88/2024 – Pregão Eletrônico nº 0916/2023 – Gestor – CELIC – SUBSECRETARIADA ADMIN. CENTRAL DE LICITAÇÕES – RS (09.08.2024);https://compras.mg.gov.br/wp-content/uploads/SEI_94629872_Oficio_133.pdf
https://compras.mg.gov.br/acesso-a-informacoes/consultas/divulgacao-adesao-carona/;SEJUSP – Ata de Registro de Preços nº 276/2024 – Pregão Eletrônico nº 0956/2023 – Subsecretaria de Administração Central de Licitações do Rio Grande do Sul (08.08.2024);https://compras.mg.gov.br/wp-content/uploads/SEI_94174482_Oficio_134-1.pdf
https://compras.mg.gov.br/acesso-a-informacoes/consultas/divulgacao-adesao-carona/;FHEMIG – Pregão Eletrônico Nº 854/2023 – Secretaria de Saúde – SESAB/BA (01/08.2024);https://compras.mg.gov.br/wp-content/uploads/SEI_91195640_Intencao.pdf
https://compras.mg.gov.br/acesso-a-informacoes/consultas/divulgacao-adesao-carona/;SEJUSP – Ata de Registro de Preços Nº 301/2023  – Pregão Eletrônico Nº 186/2023 – Procuradoria Geral da Justiça (01/08.2024);https://compras.mg.gov.br/wp-content/uploads/SEI_93565711_Oficio_129.pdf
https://compras.mg.gov.br/acesso-a-informacoes/consultas/divulgacao-adesao-carona/;SEJUSP – Ata de Registro de Preços Nº 019/2024  – Pregão Eletrônico Nº 115/2023 – Prefeitura Municipal de Borba da Mata / Estado de Minas Gerais (31.07.2024);https://compras.mg.gov.br/wp-content/uploads/SEJUSP-31.07.2024.pdf
https://compras.mg.gov.br/acesso-a-informacoes/consultas/divulgacao-adesao-carona/;PCMG – Ata de Registro de Preços nº 043/2024 – Pregão Eletrônico Nº 17/2024 – Gestor – Consórcio Intermunicipal Multifinalitário da Microrregião do Circuito das Águas – CIMAG (30.07.2024);https://compras.mg.gov.br/wp-content/uploads/PCMG-30-07-2024.pdf
https://compras.mg.gov.br/acesso-a-informacoes/consultas/divulgacao-adesao-carona/;UNIMONTES – Ata de Registro de Preços nº 302/2023 – Pregão Eletrônico Nº 163/2023 – Gestor – Secretaria de Estado de Saúde – Belo Horizonte/MG (22.07.2024);https://compras.mg.gov.br/wp-content/uploads/UNIMONTES-23-07-2024.pdf
https://compras.mg.gov.br/acesso-a-informacoes/consultas/divulgacao-adesao-carona/;PMMG – Ata de Registro de Preços nº 481/2023 – Pregão Eletrônico Nº 481/2023 – Gestor – Secretaria da Saúde do Estado do Bahia (22.07.2024);https://compras.mg.gov.br/wp-content/uploads/PMMG-22-07-2024.pdf
https://compras.mg.gov.br/acesso-a-informacoes/consultas/divulgacao-adesao-carona/;SEJUSP – Ata de Registro de Preços nº 88/2024 – Gestor – Subsecretaria da Administração Central de Licitações (19.07.2024);https://compras.mg.gov.br/wp-content/uploads/SEJUSP-19-07-2024.pdf
https://compras.mg.gov.br/acesso-a-informacoes/consultas/divulgacao-adesao-carona/;SEJUSP – Ata de Registro de Preços nº 042/2023 – Pregão Eletrônico Nº 56/2023 –  Gestor – Polícia Civil do Estado do Espírito Santo (17.07.2024);https://compras.mg.gov.br/wp-content/uploads/SEJUSP-17-07-2024.pdf
https://compras.mg.gov.br/acesso-a-informacoes/consultas/divulgacao-adesao-carona/;PMMG – Ata de Registro de Preços nº 58/2022 – Pregão Eletrônico Nº 30/2022 – Gestor – Universidade Federal de Pernambuco (16.07.2024);https://compras.mg.gov.br/wp-content/uploads/PMMG-16-07-2024.pdf
https://compras.mg.gov.br/acesso-a-informacoes/consultas/divulgacao-adesao-carona/;PCMG – Ata de Registro de Preços nº 08/2023 – Pregão Eletrônico Nº 50/2023 – Gestor – Universidade Federal de Lavras – Ministério da Educação (15.07.2024);https://compras.mg.gov.br/wp-content/uploads/PCMG-15-07-2024.pdf
https://compras.mg.gov.br/acesso-a-informacoes/consultas/divulgacao-adesao-carona/;PMMG – Ata de Registro de Preços nº 234/2023 – Pregão Eletrônico Nº 234/2023 – Gestor – Procuradoria Geral de Justiça / MG (11.07.2024);https://compras.mg.gov.br/wp-content/uploads/PMMG-11-07-2024.pdf
https://compras.mg.gov.br/acesso-a-informacoes/consultas/divulgacao-adesao-carona/;PMMG – Ata de Registro de Preços nº 262/2024 – Pregão Eletrônico Nº 134/2020 – Gestor – Consórcio Público Instituição de Cooperação Intermunicipal do Médio Paraopeba – ICISMEP (09.07.2024);https://compras.mg.gov.br/wp-content/uploads/PMMG-09-07-2024.pdf
https://compras.mg.gov.br/acesso-a-informacoes/consultas/divulgacao-adesao-carona/;SEE – Ata de Registro de Preços nº 14/2023 – Pregão Eletrônico Nº 14/2023 – Gestor – Consórcio Intermunicipal Multifinalitário dos Municípios do Extremo Sul de Minas – CIMESMI (08.07.2024);https://compras.mg.gov.br/wp-content/uploads/SEE-08-07-2024.pdf
https://compras.mg.gov.br/acesso-a-informacoes/consultas/divulgacao-adesao-carona/;PCMG – Ata de Registro de Preços nº 2023ARP001-2023 – Pregão Eletrônico Nº 01/2023 – Gestor – Universidade Federal de Minas Gerais (07.07.2024);https://compras.mg.gov.br/wp-content/uploads/PCMG-07-07-2024.pdf
https://compras.mg.gov.br/acesso-a-informacoes/consultas/divulgacao-adesao-carona/;SEJUSP – Ata de Registro de Preços nº 75/2023 – Pregão Eletrônico Nº 46/2023 –  Gestor – Secretaria Nacional de Políticas Penais (03.07.2024);https://compras.mg.gov.br/wp-content/uploads/SEJUSP-03-07-2024.pdf
https://compras.mg.gov.br/acesso-a-informacoes/consultas/divulgacao-adesao-carona/;PCMG – Ata de Registro de Preços nº 24/2024 – Pregão Eletrônico Nº 23/2023 – Gestor – Polícia  Rodoviária Federal (02.07.2024);https://compras.mg.gov.br/wp-content/uploads/PCMG-02-07-2024.pdf
https://compras.mg.gov.br/acesso-a-informacoes/consultas/divulgacao-adesao-carona/;PMMG – Ata de Registro de Preços nº 56/2023 – Pregão Eletrônico Nº 26/2023 – Gestor – Consórcio Intermunicipal de Saúde e de Políticas Públicas de Desenvolvimento da Região do Calcário – CISREC (01.07.2024);https://compras.mg.gov.br/wp-content/uploads/PMMG-01-07-2024.pdf
https://compras.mg.gov.br/acesso-a-informacoes/consultas/divulgacao-adesao-carona/;PMMG – Ata de Registro de Preços nº 16/2022 – Pregão Eletrônico Nº 106/2022 – Gestor – Secretaria da Fazenda do Estado de Tocantins / Superintendência de Compras e Central de Licitação (26.06.2024);https://compras.mg.gov.br/wp-content/uploads/PMMG-26-06-2024.pdf
https://compras.mg.gov.br/acesso-a-informacoes/consultas/divulgacao-adesao-carona/;SEJUSP – Ata de Registro de Preços nº 20/2023 – Pregão Eletrônico Nº 008/2023 –  Gestor – CIMBAJE – Consórcio Intermunicipal Multifinalitário do Baixo Jequitinhonha (22.06.2024);https://compras.mg.gov.br/wp-content/uploads/SEJUSP-22-06-2024.pdf
https://compras.mg.gov.br/acesso-a-informacoes/consultas/divulgacao-adesao-carona/;OGE – Ata de Registro de Preços nº 221/2023 – Pregão Eletrônico Nº 219/2023 – Gestor – Ministério Público do Estado de Minas Gerais (22.06.2024);https://compras.mg.gov.br/wp-content/uploads/OGE-21-06-2024-1.pdf
https://compras.mg.gov.br/acesso-a-informacoes/consultas/divulgacao-adesao-carona/;FHA – Ata de Registro de Preços nº 010/2024 – Pregão Eletrônico Nº 012/2023 –  Gestor – Consórcio Intermunicipal da Região Central do estado de São Paulo – CONCEN (18.06.2024);https://compras.mg.gov.br/wp-content/uploads/FHA-18-06-2024.pdf
https://compras.mg.gov.br/acesso-a-informacoes/consultas/divulgacao-adesao-carona/;PCMG – Ata de Registro de Preços nº 46/2023 – Pregão Eletrônico Nº 46/2023 – Gestor – Polícia Científica / Fundo de Melhoria da Perícia Oficial – FUMPOF (17.06.2024);https://compras.mg.gov.br/wp-content/uploads/PCMG-13-06-2024.pdf
https://compras.mg.gov.br/acesso-a-informacoes/consultas/divulgacao-adesao-carona/;SEJUSP – Ata de Registro de Preços nº 07/2023 – Pregão Eletrônico Nº 04/2023 –  Gestor – Universidade Federal de Minas Gerais (14.06.2024);https://compras.mg.gov.br/wp-content/uploads/SEJUSP-14-06-2024.pdf
https://compras.mg.gov.br/acesso-a-informacoes/consultas/divulgacao-adesao-carona/;FHA – Ata de Registro de Preços nº 04/2022 – Pregão Eletrônico Nº 04/2022 –  Gestor – Consórcio Público Intermunicipal de Desenvolvimento Sustentável do Alto Paranaíba – CISPAR (14.06.2024);https://compras.mg.gov.br/wp-content/uploads/FHA-14-06-2024.pdf
https://compras.mg.gov.br/acesso-a-informacoes/consultas/divulgacao-adesao-carona/;SEJUSP – Ata de Registro de Preços nº 337/2023 – Pregão Eletrônico Nº 85/2023 –  Gestor – Prefeitura Municipal de Sinop, Estado de Mato Grosso (13.06.2024);https://compras.mg.gov.br/wp-content/uploads/SEJUSP-13-06-2024.pdf
https://compras.mg.gov.br/acesso-a-informacoes/consultas/divulgacao-adesao-carona/;SEJUSP – Ata de Registro de Preços nº 20/2023 – Pregão Eletrônico Nº 008/2023 –  Gestor – CIMBAJE – Consórcio Intermunicipal Multifinalitário do Baixo Jequitinhonha (11.06.2024);https://compras.mg.gov.br/wp-content/uploads/SEJUSP-11-06-2024.pdf
https://compras.mg.gov.br/acesso-a-informacoes/consultas/divulgacao-adesao-carona/;PCMG – Ata de Registro de Preços nº 24/2024 – Pregão Eletrônico Nº 23/2023 – Gestor – Polícia Rodoviária Federal (11.06.2024);https://compras.mg.gov.br/wp-content/uploads/PCMG-11-06-2024.pdf
https://compras.mg.gov.br/acesso-a-informacoes/consultas/divulgacao-adesao-carona/;SEJUSP – Ata de Registro de Preços nº 106/2022 –  Gestor – Superintendência de Compras e Central de Licitação da Secretaria da Fazenda do Estado do Tocantins (10.06.2024);https://compras.mg.gov.br/wp-content/uploads/SEJUSP-10-06-2024.pdf
https://compras.mg.gov.br/acesso-a-informacoes/consultas/divulgacao-adesao-carona/;SEJUSP – Ata de Registro de Preços nº 20/2023 – Pregão Eletrônico Nº 008/2023 –  Gestor – CIMBAJE – Consórcio Intermunicipal Multifinalitário do Baixo Jequitinhonha (07.06.2024);https://compras.mg.gov.br/wp-content/uploads/SEJUSP-07-06-2024.pdf
https://compras.mg.gov.br/acesso-a-informacoes/consultas/divulgacao-adesao-carona/;PMMG – Ata de Registro de Preços nº 01/2023 –;https://compras.mg.gov.br/wp-content/uploads/PMMG-04-06-2024.pdf
https://compras.mg.gov.br/acesso-a-informacoes/consultas/divulgacao-adesao-carona/;CBMMG – Ata de Registro de Preços nº 19/2023 – Gestor – Prefeitura Municipal de Itabirinha (03.06.2024);https://compras.mg.gov.br/wp-content/uploads/03-06-2024-CBMMG.pdf
https://compras.mg.gov.br/acesso-a-informacoes/consultas/divulgacao-adesao-carona/;CBMMG – Ata de Registro de Preços nº 14/2023 – Pregão Eletrônico Nº 07/2023 – Gestor – Tribunal de Contas do Amazonas – TCE/AM (29.05.2024);https://compras.mg.gov.br/wp-content/uploads/CBMMG-29-05-2024.pdf
https://compras.mg.gov.br/acesso-a-informacoes/consultas/divulgacao-adesao-carona/;PMMG – Ata de Registro de Preços nº 18/2023 – Pregão Eletrônico Nº 12/2023 – Gestor – Distrito Sanitário Especial Indígena Cuiabá (24.05.2024);https://compras.mg.gov.br/wp-content/uploads/PMMG-24-05-2024.pdf
https://compras.mg.gov.br/acesso-a-informacoes/consultas/divulgacao-adesao-carona/;SEJUSP – Ata de Registro de Preços nº 13/2023 – Pregão Eletrônico Nº 5213/2023 –  Gestor – Ministério da Defesa Exército Brasileiro Centro de Inteligência do Exército (22.05.2024);https://compras.mg.gov.br/wp-content/uploads/SEJUSP-22-05-2024.pdf
https://compras.mg.gov.br/acesso-a-informacoes/consultas/divulgacao-adesao-carona/;SEJUSP – Ata de Registro de Preços nº 077/2023 – Gestor – Secretaria Nacional De Políticas Penais – SENAPPEN (21.05.2024);https://compras.mg.gov.br/wp-content/uploads/SEJUSP-21-05-2024.pdf
https://compras.mg.gov.br/acesso-a-informacoes/consultas/divulgacao-adesao-carona/;PCMG – Ata de Registro de Preços nº 120/2023 – Pregão Eletrônico Nº 009/2023 – Gestor – Consórcio Público Intermunicipal Multifinalitário Da AMAG / CIMAG (20.05.2024);https://compras.mg.gov.br/wp-content/uploads/PCMG-OF.-37-20-05-2024.pdf
https://compras.mg.gov.br/acesso-a-informacoes/consultas/divulgacao-adesao-carona/;PCMG – Ata de Registro de Preços nº 058/2024 – Pregão Eletrônico Nº 11.399/2023 – Gestor – Agência de Modernização da Gestão de Processos – AMGESP (20.05.2024);https://compras.mg.gov.br/wp-content/uploads/PCMG-OF.-35-20-05-2024.pdf
https://compras.mg.gov.br/acesso-a-informacoes/consultas/divulgacao-adesao-carona/;PCMG – Ata de Registro de Preços nº 058/2024 – Pregão Eletrônico Nº 11.399/2023 – Gestor – Agência de Modernização da Gestão de Processos – AMGESP (20.05.2024);https://compras.mg.gov.br/wp-content/uploads/PCMG-OF.-34-20-05-2024.pdf
https://compras.mg.gov.br/acesso-a-informacoes/consultas/divulgacao-adesao-carona/;PMMG – Ata de Registro de Preços nº 15/2023 – Pregão Eletrônico Nº 15/2023 – Gestor – Universidade Federal do Triângulo Mineiro – UFTM (13.05.2024);https://compras.mg.gov.br/wp-content/uploads/PMMG-UFTM-14-05-2024.pdf
https://compras.mg.gov.br/acesso-a-informacoes/consultas/divulgacao-adesao-carona/;PMMG – Ata de Registro de Preços nº 125/2023 – Pregão Eletrônico Nº 132/2023 – Gestor – Hospital Universitário da UFRJ (13.05.2024);https://compras.mg.gov.br/wp-content/uploads/PMMG-13-05-2024.pdf
https://compras.mg.gov.br/acesso-a-informacoes/consultas/divulgacao-adesao-carona/;PMMG – Ata de Registro de Preços nº 042/2023 – Pregão Eletrônico Nº 148/2023 – Gestor – Universidade Federal de Viçosa (07.05.2024);https://compras.mg.gov.br/wp-content/uploads/PMMG-07-05-2024.pdf
https://compras.mg.gov.br/acesso-a-informacoes/consultas/divulgacao-adesao-carona/;SEJUSP – Ata de Registro de Preços nº 321/2023 – Pregão Eletrônico Nº 148/2023 – Gestor – Procuradoria Geral da Justiça (03.05.2024);https://compras.mg.gov.br/wp-content/uploads/SEJUSP-03-05-2024.pdf
https://compras.mg.gov.br/acesso-a-informacoes/consultas/divulgacao-adesao-carona/;SEJUSP – Ata de Registro de Preços nº 071/2023 – Pregão Eletrônico Nº 51/2023 – Gestor – Secretaria Nacional De Políticas Penais – SENAPPEN (30.04.2024);https://compras.mg.gov.br/wp-content/uploads/SEJUSP-30-04-2024.pdf
https://compras.mg.gov.br/acesso-a-informacoes/consultas/divulgacao-adesao-carona/;SEJUSP – Ata de Registro de Preços nº 274/2023 – Pregão Eletrônico Nº 78/2023 – Gestor – Procuradoria Geral da Justiça (23.04.2024);https://compras.mg.gov.br/wp-content/uploads/SEJUSP-PGJ-23-04-2024.pdf
https://compras.mg.gov.br/acesso-a-informacoes/consultas/divulgacao-adesao-carona/;SEJUSP – Ata de Registro de Preços nº 071/2023 – Pregão Eletrônico Nº 51/2023 – Gestor – Secretaria Nacional De Políticas Penais – SENAPPEN (23.04.2024);https://compras.mg.gov.br/wp-content/uploads/SEJUSP-23-04-2024.pdf
https://compras.mg.gov.br/acesso-a-informacoes/consultas/divulgacao-adesao-carona/;SEJUSP – Ata de Registro de Preços nº 553/2023 – Pregão Eletrônico Nº 418/2023 – Gestor – PMSP – Secretaria Municipal de Saúde (18.04.2024);https://compras.mg.gov.br/wp-content/uploads/SEI_85882804_Oficio_55.pdf
https://compras.mg.gov.br/acesso-a-informacoes/consultas/divulgacao-adesao-carona/;SEJUSP – Ata de Registro de Preços nº 068/2023 – Pregão Eletrônico Nº 51/2023 – Gestor – Secretaria Nacional De Políticas Penais – SENAPPEN (15.04.2024);https://compras.mg.gov.br/wp-content/uploads/SEJUSP-15-04-2024.pdf
https://compras.mg.gov.br/acesso-a-informacoes/consultas/divulgacao-adesao-carona/;SEJUSP – Ata de Registro de Preços nº 274/2023 – Pregão Eletrônico Nº 78/2023 – Gestor – Procuradoria Geral da Justiça (11.04.2024);https://compras.mg.gov.br/wp-content/uploads/SEJUSP-12-04-2024.pdf
https://compras.mg.gov.br/acesso-a-informacoes/consultas/divulgacao-adesao-carona/;SEJUSP – Ata de Registro de Preços nº 009/2023 – Pregão Eletrônico Nº 013/2023 – Gestor – Codanorte (09.04.2024);https://compras.mg.gov.br/wp-content/uploads/SEJUSP-11-04-2024.pdf
https://compras.mg.gov.br/acesso-a-informacoes/consultas/divulgacao-adesao-carona/;SEJUSP – Ata de Registro de Preços nº 93/2023 – Pregão Eletrônico Nº 241/2022 – Gestor – Procuradoria Geral da Justiça (09.04.2024);https://compras.mg.gov.br/wp-content/uploads/SEJUSP-09-04-2023.pdf
https://compras.mg.gov.br/acesso-a-informacoes/consultas/divulgacao-adesao-carona/;SEE – Ata de Registro de Preços nº 228/2023 – Pregão Eletrônico Nº 00165/2023 – Gestor – Superintendência Estadual de Compras e Licitação – SUPEL – Governo do Estado de Rondônia (09.04.2024);https://compras.mg.gov.br/wp-content/uploads/SEE-09-04-2024.pdf
https://compras.mg.gov.br/acesso-a-informacoes/consultas/divulgacao-adesao-carona/;PMMG – Ata de Registro de Preços nº 10/2023 – Pregão Eletrônico Nº 09/2023 – Gestor – Administração Geral/UFMG (29.03.2024);https://compras.mg.gov.br/wp-content/uploads/PMMG-29-03-2024.pdf
https://compras.mg.gov.br/acesso-a-informacoes/consultas/divulgacao-adesao-carona/;SEJUSP – Ata de Registro de Preços nº 22/2023 – Pregão Eletrônico Nº 019/2023 – Gestor – Universidade Federal de São Carlos (25.03.2024);https://compras.mg.gov.br/wp-content/uploads/SEJUSP-25-03-2024.pdf
https://compras.mg.gov.br/acesso-a-informacoes/consultas/divulgacao-adesao-carona/;CBMMG – Ata de Registro de Preços nº 002/2023 – Pregão Eletrônico Nº 002/2023 – Gestor – Comando do Material de Fuzileiros Navais (25.03.2024);https://compras.mg.gov.br/wp-content/uploads/CBMMG-25-03-2024-ARP-002-2023.pdf
https://compras.mg.gov.br/acesso-a-informacoes/consultas/divulgacao-adesao-carona/;CBMMG – Ata de Registro de Preços nº 129/2023 – Pregão Eletrônico Nº 51/2023 – Gestor – Consórcio Intermunicipal de Saúde e de Políticas Desenvolvimento da Região do Calcário – CISREC (25.03.2024);https://compras.mg.gov.br/wp-content/uploads/CBMMG-25-03-2024.pdf
https://compras.mg.gov.br/acesso-a-informacoes/consultas/divulgacao-adesao-carona/;SEJUSP – Ata de Registro de Preços nº 22/2023 – Pregão Eletrônico Nº 019/2023 – Gestor – Universidade Federal de São Carlos (11.03.2024);https://compras.mg.gov.br/wp-content/uploads/SEJUSP-11-03-2024-UNIVERSIDADE-FEDERAL-DE-SAO-CARLOS-atualizado.pdf
https://compras.mg.gov.br/acesso-a-informacoes/consultas/divulgacao-adesao-carona/;SEJUSP – Ata de Registro de Preços nº 17 – 03/2023 – Pregão Eletrônico Nº 21/2021 – Gestor – Comando de Fronteira Acre/4º Batalhão de Infantaria de Selva (Cmdo Fron Acre) (11.03.2024);https://compras.mg.gov.br/wp-content/uploads/SEJUSP-11-03-2024-REPELENTE.pdf
https://compras.mg.gov.br/acesso-a-informacoes/consultas/divulgacao-adesao-carona/;SEJUSP – Ata de Registro de Preços nº 09/2023 – Pregão Eletrônico Nº 09/2023 – Gestor – Universidade Federal de Pernambuco (11.03.2024);https://compras.mg.gov.br/wp-content/uploads/SEJUSP-11-03-2024.pdf
https://compras.mg.gov.br/acesso-a-informacoes/consultas/divulgacao-adesao-carona/;PCMG – Ata de Registro de Preços nº 119/2023 – Pregão Eletrônico Nº 009/2023 – Gestor – CONSÓRCIO PÚBLICO INTERMUNICIPAL MULTIFINALITÁRIO DA MICRORREGIÃO DO CIRCUITO DAS ÁGUAS – A M A G / C I M A G (04.03.2024);https://compras.mg.gov.br/wp-content/uploads/PCMG-04-03-2024.pdf
https://compras.mg.gov.br/acesso-a-informacoes/consultas/divulgacao-adesao-carona/;PMMG – Ata de Registro de Preços nº 06/2023 – Pregão Eletrônico Nº 03/2023 – Gestor – Centro de Logística de Mísseis e Foguetes (04.03.2024);https://compras.mg.gov.br/wp-content/uploads/PMMG-04-03-2024.pdf
https://compras.mg.gov.br/acesso-a-informacoes/consultas/divulgacao-adesao-carona/;"SEJUSP – Ata de Registro de Preços nº 058/2024 – Pregão Eletrônico Nº 11399/2023 – Gestor – Agência de Modernização da Gestão de Processos – AMGESP; SUPERINTENDÊNCIA ESPECIAL DE CONTRATAÇÕES PÚBLICAS – SUPCP (26.02.2024)";https://compras.mg.gov.br/wp-content/uploads/SEJUSP-82413502-Oficio-15.pdf
https://compras.mg.gov.br/acesso-a-informacoes/consultas/divulgacao-adesao-carona/;SEJUSP – Ata de Registro de Preços nº 113/2023 – Pregão Eletrônico Nº 009/2023 – Gestor – Universidade Federal de Pernambuco (26.02.2024);https://compras.mg.gov.br/wp-content/uploads/SEJUSP-82431703-Oficio-18.pdf
https://compras.mg.gov.br/acesso-a-informacoes/consultas/divulgacao-adesao-carona/;SEPLAG – Ata de Registro de Preço nº 103/2023 – Pregão Eletrônico Nº 009/2023 – Gestor – Universidade Federal de Viçosa – UFV (29/01/2024);https://compras.mg.gov.br/wp-content/uploads/DCGUAI-Divulgacao-intencao-de-adesao-81059332.pdf
https://compras.mg.gov.br/acesso-a-informacoes/consultas/divulgacao-adesao-carona/;FHEMIG – Ata de Registro de Preço nº 160/2023 – Pregão Eletrônico Nº 026/2023 – Gestor – Prefeitura Municipal de Santa Luzia/MG (23/01/2024);https://compras.mg.gov.br/wp-content/uploads/FHEMIG-80266857-Intencao-de-adesao-de-carona-RP-160-2023.pdf
https://compras.mg.gov.br/acesso-a-informacoes/consultas/divulgacao-adesao-carona/divulgacao-adesao-de-carona-2022/;PMMG – Pregão Eletrônico Nº 001/2022 – Gestor – SEGER – Secretaria de Estado de Gestão e Recursos Humanos/ES (30.12.2022);https://compras.mg.gov.br/wp-content/uploads/pmmg-30-12-2022.pdf
https://compras.mg.gov.br/acesso-a-informacoes/consultas/divulgacao-adesao-carona/divulgacao-adesao-de-carona-2022/;FHA – Pregão Eletrônico Nº 116/2021 – Gestor – Prefeitura Municipal de Santa Luzia/MG (30.12.2022);https://compras.mg.gov.br/wp-content/uploads/fha-30-12-2022.pdf
https://compras.mg.gov.br/acesso-a-informacoes/consultas/divulgacao-adesao-carona/divulgacao-adesao-de-carona-2022/;PMMG – Pregão Eletrônico Nº 75/2022 – Gestor – Procuradoria Geral do Estado do Amapá (29.12.2022);https://compras.mg.gov.br/wp-content/uploads/pmmg-amapa-29-12-2022.pdf
https://compras.mg.gov.br/acesso-a-informacoes/consultas/divulgacao-adesao-carona/divulgacao-adesao-de-carona-2022/;PMMG – Pregão Eletrônico Nº 90/2022 – Gestor – Instituto Nacional de Cardiologia / RJ (28.12.2022);https://compras.mg.gov.br/wp-content/uploads/pm-28-12-2022.pdf
https://compras.mg.gov.br/acesso-a-informacoes/consultas/divulgacao-adesao-carona/divulgacao-adesao-de-carona-2022/;PMMG – Pregão Eletrônico Nº 1439/2022 – Gestor – Secretaria da Saúde do Estado do Ceará (28.12.2022);https://compras.mg.gov.br/wp-content/uploads/pmmg-28-12-2022.pdf
https://compras.mg.gov.br/acesso-a-informacoes/consultas/divulgacao-adesao-carona/divulgacao-adesao-de-carona-2022/;GMG – Pregão Eletrônico Nº 041/2022 – Gestor – Registro de Preços da Polícia Militar do Estado do Espírito Santo – PMES (28.12.2022);https://compras.mg.gov.br/wp-content/uploads/intencao-de-carona.pdf
https://compras.mg.gov.br/acesso-a-informacoes/consultas/divulgacao-adesao-carona/divulgacao-adesao-de-carona-2022/;PCMG – Pregão Eletrônico Nº 17/2022 – Gestor – Fundação Universidade do Amazonas (27.12.2022);https://compras.mg.gov.br/wp-content/uploads/pcmg-27-12-2022.pdf
https://compras.mg.gov.br/acesso-a-informacoes/consultas/divulgacao-adesao-carona/divulgacao-adesao-de-carona-2022/;PCMG – Pregão Eletrônico Nº 004/2022 – Gestor – Conselho Federal de Medicina – CFM (26.12.2022);https://compras.mg.gov.br/wp-content/uploads/pcmg-26-12-2022.pdf
https://compras.mg.gov.br/acesso-a-informacoes/consultas/divulgacao-adesao-carona/divulgacao-adesao-de-carona-2022/;CBMMG – Pregão Eletrônico Nº 06/2022 – Gestor – Consórcio Intermunicipal para o Desenvolvimento Ambiental Sustentável do Norte de Minas – CODONORTE (26.12.2022);https://compras.mg.gov.br/wp-content/uploads/cbm-26-12-2022.pdf
https://compras.mg.gov.br/acesso-a-informacoes/consultas/divulgacao-adesao-carona/divulgacao-adesao-de-carona-2022/;CBMMG – Pregão Eletrônico Nº 12/2022 – Gestor – Secretaria de Gestão e Ensino em Segurança Pública do Ministério da Justiça e Segurança Pública (26.12.2022);https://compras.mg.gov.br/wp-content/uploads/cbmmg-26-12-2022.pdf
https://compras.mg.gov.br/acesso-a-informacoes/consultas/divulgacao-adesao-carona/divulgacao-adesao-de-carona-2022/;PMMG – Pregão Eletrônico Nº 152/2022 – Gestor – Secretaria da Saúde do Estado do Ceará (23.12.2022);https://compras.mg.gov.br/wp-content/uploads/pm-23-12-2022.pdf
https://compras.mg.gov.br/acesso-a-informacoes/consultas/divulgacao-adesao-carona/divulgacao-adesao-de-carona-2022/;PMMG – Pregão Eletrônico Nº 88/2021 – Gestor – Secretaria de Pessoal, Ensino, Saúde e Desporto / Hospital das Forças Armadas (23.12.2022);https://compras.mg.gov.br/wp-content/uploads/pmmg-23-12-2022.pdf
https://compras.mg.gov.br/acesso-a-informacoes/consultas/divulgacao-adesao-carona/divulgacao-adesao-de-carona-2022/;SEPLAG-CECAD – Ata de Registro de Preços Nº 071/2022 – Gestor – MPMG – Ministério Público de Minas Gerais – Procuradoria Geral de Justiça (22.12.2022);https://compras.mg.gov.br/wp-content/uploads/seplag-cecad-26-12-2022.pdf
https://compras.mg.gov.br/acesso-a-informacoes/consultas/divulgacao-adesao-carona/divulgacao-adesao-de-carona-2022/;PMMG – Ata de Registro de Preços Nº 49/2021 – Gestor – Secretaria de Pessoal, Ensino, Saúde e Desporto / Hospital das Forças Armadas (20.12.2022);https://compras.mg.gov.br/wp-content/uploads/pmmg-20-12-2022.pdf
https://compras.mg.gov.br/acesso-a-informacoes/consultas/divulgacao-adesao-carona/divulgacao-adesao-de-carona-2022/;SECGERAL – Ata de Registro de Preços Nº 135/2022 – Gestor – Ministério Público do Estado de Minas Gerais, por intermédio da Procuradoria-Geral de Justiça (20.12.2022);https://compras.mg.gov.br/wp-content/uploads/sg-20-12-2022.pdf
https://compras.mg.gov.br/acesso-a-informacoes/consultas/divulgacao-adesao-carona/divulgacao-adesao-de-carona-2022/;IDENE – Ata de Registro de Preços Nº 28/2022 – Gestor – Consórcio Público para Desenvolvimento do Alto Paraopeba – CODAP (19.12.2022);https://compras.mg.gov.br/wp-content/uploads/idene-19-12-2022.pdf
https://compras.mg.gov.br/acesso-a-informacoes/consultas/divulgacao-adesao-carona/divulgacao-adesao-de-carona-2022/;PMMG – Ata de Registro de Preços Nº 95/2022 – Gestor – Secretaria de Estado da Saúde de Roraima (19.12.2022);https://compras.mg.gov.br/wp-content/uploads/pmmg-19-12-2022.pdf
https://compras.mg.gov.br/acesso-a-informacoes/consultas/divulgacao-adesao-carona/divulgacao-adesao-de-carona-2022/;PCMG – Ata de Registro de Preços Nº 1323/2022 – Gestor – Subsecretaria da Administração Central de Licitações – CELIC (16.12.2022);https://compras.mg.gov.br/wp-content/uploads/pcmg-16-12-2022.pdf
https://compras.mg.gov.br/acesso-a-informacoes/consultas/divulgacao-adesao-carona/divulgacao-adesao-de-carona-2022/;UNIMONTES – Pregão Eletrônico Nº 54/2021 – Gestor – Instituto Federal de Educação, Ciência e Tecnologia de Minas Gerais (13.12.2022);https://compras.mg.gov.br/wp-content/uploads/unimontes-13-12-2022.pdf
https://compras.mg.gov.br/acesso-a-informacoes/consultas/divulgacao-adesao-carona/divulgacao-adesao-de-carona-2022/;PMMG – Ata de Registro de Preços Nº 78/2022 – Gestor – Universidade Federal do Rio Grande do Norte (12.12.2022);https://compras.mg.gov.br/wp-content/uploads/pmmg-12-12-2022.pdf
https://compras.mg.gov.br/acesso-a-informacoes/consultas/divulgacao-adesao-carona/divulgacao-adesao-de-carona-2022/;FHA – Ata de Registro de Preços Nº 014/2022 – Gestor – Fundação Cultural do Estado do Pará – FCP/PA (12.12.2022);https://compras.mg.gov.br/wp-content/uploads/fha-12-12-2022.pdf
https://compras.mg.gov.br/acesso-a-informacoes/consultas/divulgacao-adesao-carona/divulgacao-adesao-de-carona-2022/;SES – Ata de Registro de Preços Nº 006/2022 – Gestor – Secretaria de Estado de Saúde de Goiás (05.12.2022);https://compras.mg.gov.br/wp-content/uploads/ses-05-12-2022.pdf
https://compras.mg.gov.br/acesso-a-informacoes/consultas/divulgacao-adesao-carona/divulgacao-adesao-de-carona-2022/;FHEMIG – Ata de Registro de Preços Nº 001/2022 – Gestor – Secretaria de Estado de Gestão e Recursos Humanos do Governo do Espírito Santo – SEGER (05.12.2022);https://compras.mg.gov.br/wp-content/uploads/05-12-2022-fhemig.pdf
https://compras.mg.gov.br/acesso-a-informacoes/consultas/divulgacao-adesao-carona/divulgacao-adesao-de-carona-2022/;FHEMIG – Pregão Eletrônico Nº 141/2021 – Gestor – Secretaria de Estado de Saúde do Distrito Federal (05.12.2022);https://compras.mg.gov.br/wp-content/uploads/fhemig-05-12-2022.pdf
https://compras.mg.gov.br/acesso-a-informacoes/consultas/divulgacao-adesao-carona/divulgacao-adesao-de-carona-2022/;UNIMONTES – Pregão Eletrônico Nº 01/2022 – Gestor – Universidade Federal Rural de Pernambuco – UFRPE (05.12.2022);https://compras.mg.gov.br/wp-content/uploads/unimontes-05-12-2022.pdf
https://compras.mg.gov.br/acesso-a-informacoes/consultas/divulgacao-adesao-carona/divulgacao-adesao-de-carona-2022/;PMMG – Ata de Registro de Preços Nº 394/2021 – Gestor – Secretaria da Saúde do Estado da Bahia (30.11.2022);https://compras.mg.gov.br/wp-content/uploads/pmmg-30-11-2022.pdf
https://compras.mg.gov.br/acesso-a-informacoes/consultas/divulgacao-adesao-carona/divulgacao-adesao-de-carona-2022/;SEE – Ata de Registro de Preços Nº 005/2021 – Gestor – Secretaria de Estado de Educação do Mato Grosso (30.11.2022);https://compras.mg.gov.br/wp-content/uploads/see-30-11-2022.pdf
https://compras.mg.gov.br/acesso-a-informacoes/consultas/divulgacao-adesao-carona/divulgacao-adesao-de-carona-2022/;FHEMIG – Ata de Registro de Preços Nº 2022/04910 – Gestor – Empresa de Tecnologia da Informação do Ceará – ETICE (30.11.2022);https://compras.mg.gov.br/wp-content/uploads/fhemig-30-11-2022.pdf
https://compras.mg.gov.br/acesso-a-informacoes/consultas/divulgacao-adesao-carona/divulgacao-adesao-de-carona-2022/;SEJUSP – Ata de Registro de Preços Nº 13/2022 – Gestor – Polícia Militar do Estado da Bahia (30.11.2022);https://compras.mg.gov.br/wp-content/uploads/sejusp-30-11-2022.pdf
https://compras.mg.gov.br/acesso-a-informacoes/consultas/divulgacao-adesao-carona/divulgacao-adesao-de-carona-2022/;PCMG – Pregão Eletrônico Nº 21/2021 – Gestor – Defensoria Pública do Estado do Pará (25.11.2022);https://compras.mg.gov.br/wp-content/uploads/pcmg-25-11-2022.pdf
https://compras.mg.gov.br/acesso-a-informacoes/consultas/divulgacao-adesao-carona/divulgacao-adesao-de-carona-2022/;SEJUSP – Ata de Registro de Preços Nº 0261/2022 – Gestor – Diretora de Sistema de Registro de Preços / Gerência de Gestão de Atas do Distrito Federal (23.11.2022);https://compras.mg.gov.br/wp-content/uploads/sejusp-23-11-2022.pdf
https://compras.mg.gov.br/acesso-a-informacoes/consultas/divulgacao-adesao-carona/divulgacao-adesao-de-carona-2022/;PMMG – Pregão Eletrônico Nº 75/2022 – Gestor – Prefeitura Municipal de Três Rios/RJ (23.11.2022);https://compras.mg.gov.br/wp-content/uploads/pmmg-23-11-2022.pdf
https://compras.mg.gov.br/acesso-a-informacoes/consultas/divulgacao-adesao-carona/divulgacao-adesao-de-carona-2022/;PMMG – Ata de Registro de Preços Nº 245/2022 – Gestor – Prefeitura Municipal de João Monlevade (22.11.2022);https://compras.mg.gov.br/wp-content/uploads/245-2022-pmmg-22-11-2022.pdf
https://compras.mg.gov.br/acesso-a-informacoes/consultas/divulgacao-adesao-carona/divulgacao-adesao-de-carona-2022/;PMMG – Ata de Registro de Preços Nº 43/2022 – Gestor – Departamento de Polícia Rodoviária Federal (22.11.2022);https://compras.mg.gov.br/wp-content/uploads/43-2022-pmmg-22-11-2022.pdf
https://compras.mg.gov.br/acesso-a-informacoes/consultas/divulgacao-adesao-carona/divulgacao-adesao-de-carona-2022/;PMMG – Ata de Registro de Preços Nº 45/2022 – Gestor – Departamento de Polícia Rodoviária Federal (22.11.2022);https://compras.mg.gov.br/wp-content/uploads/45-2022-pmmg-22-11-2022.pdf
https://compras.mg.gov.br/acesso-a-informacoes/consultas/divulgacao-adesao-carona/divulgacao-adesao-de-carona-2022/;PMMG – Ata de Registro de Preços Nº 80/2022 – Gestor – Consórcio Intermunicipal para o Desenvolvimento Ambiental Sustentável do Norte de Minas Gerais – CODANORTE (22.11.2022);https://compras.mg.gov.br/wp-content/uploads/80-2022-pmmg-22-11-2022.pdf
https://compras.mg.gov.br/acesso-a-informacoes/consultas/divulgacao-adesao-carona/divulgacao-adesao-de-carona-2022/;PMMG – Ata de Registro de Preços Nº 71/2022 – Gestor – Prefeitura Municipal de Cáceres, Estado de Mato Grosso (22.11.2022);https://compras.mg.gov.br/wp-content/uploads/71-2022-pmmg-22-11-2022.pdf
https://compras.mg.gov.br/acesso-a-informacoes/consultas/divulgacao-adesao-carona/divulgacao-adesao-de-carona-2022/;SEPLAG/CECAD – Ata de Registro de Preços Nº 015/2021 – Gestor – Secretaria de Estado da Educação do Estado de Goiás – SEDUC-GO (22.11.2022);https://compras.mg.gov.br/wp-content/uploads/seplag-cecad-22-11-2022.pdf
https://compras.mg.gov.br/acesso-a-informacoes/consultas/divulgacao-adesao-carona/divulgacao-adesao-de-carona-2022/;PMMG – Pregão Eletrônico Nº 89/2021 – Gestor – Hospital das Forças Armadas Seção de Licitações (21.11.2022);https://compras.mg.gov.br/wp-content/uploads/24-11-2022.pdf
https://compras.mg.gov.br/acesso-a-informacoes/consultas/divulgacao-adesao-carona/divulgacao-adesao-de-carona-2022/;SEPLAG/DECAP – Pregão Eletrônico Nº 125/2022 – Gestor – Ministério Público do Estado de Minas Gerais (21.11.2022);https://compras.mg.gov.br/wp-content/uploads/seplag-decap.pdf
https://compras.mg.gov.br/acesso-a-informacoes/consultas/divulgacao-adesao-carona/divulgacao-adesao-de-carona-2022/;PMMG – Pregão Eletrônico Nº 29/2022 – Gestor – Hospital Metropolitano Odilon Behrens (21.11.2022);https://compras.mg.gov.br/wp-content/uploads/pmmg-21-11-2022.pdf
https://compras.mg.gov.br/acesso-a-informacoes/consultas/divulgacao-adesao-carona/divulgacao-adesao-de-carona-2022/;UNIMONTES – Pregão Eletrônico Nº 43/2021 – Gestor – Instituto Federal de Educação, Ciência e Tecnologia de Minas Gerais (18.11.2022);https://compras.mg.gov.br/wp-content/uploads/unimontes-22-11-2022.pdf
https://compras.mg.gov.br/acesso-a-informacoes/consultas/divulgacao-adesao-carona/divulgacao-adesao-de-carona-2022/;PCMG – Pregão Eletrônico Nº 179/2022 – Gestor – Central de Licitações do Governo do Estado do Rio Grande do Sul – CELIC (18.11.2022);https://compras.mg.gov.br/wp-content/uploads/pcmg-18-11-2022.pdf
https://compras.mg.gov.br/acesso-a-informacoes/consultas/divulgacao-adesao-carona/divulgacao-adesao-de-carona-2022/;PCMG – Pregão Eletrônico Nº 13/2022 – Gestor – Instituto Federal de Educação do Paraná (18.11.2022);https://compras.mg.gov.br/wp-content/uploads/oficio-divulgacao-carona.pdf
https://compras.mg.gov.br/acesso-a-informacoes/consultas/divulgacao-adesao-carona/divulgacao-adesao-de-carona-2022/;SEPLAG/DECAP – Pregão Eletrônico Nº 20220003 – Gestor – Empresa de Tecnologia da Informação do Ceará – ETICE (17.11.2022);https://compras.mg.gov.br/wp-content/uploads/seplag-decap-17-11-2022.pdf
https://compras.mg.gov.br/acesso-a-informacoes/consultas/divulgacao-adesao-carona/divulgacao-adesao-de-carona-2022/;PCMG – Pregão Eletrônico Nº 16/2022 – Gestor – Secretaria de Estado de Educação, do Esporte e da Cultura – SEDUC (08.11.2022);https://compras.mg.gov.br/wp-content/uploads/pcmg-08-11-2022.pdf
https://compras.mg.gov.br/acesso-a-informacoes/consultas/divulgacao-adesao-carona/divulgacao-adesao-de-carona-2022/;SEJUSP – Pregão Eletrônico Nº 074/2022 – Gestor – Secretaria de Estado de Saúde do Estado do Espírito Santo (08.11.2022);https://compras.mg.gov.br/wp-content/uploads/sejusp-08-11-2022.pdf
https://compras.mg.gov.br/acesso-a-informacoes/consultas/divulgacao-adesao-carona/divulgacao-adesao-de-carona-2022/;CBMMG – Pregão Eletrônico Nº 81A/2022 – Gestor – Consórcio Interfederativo Santa Catarina – CINCATARINA (08.11.2022);https://compras.mg.gov.br/wp-content/uploads/cbmmg-08-11-2022.pdf
https://compras.mg.gov.br/acesso-a-informacoes/consultas/divulgacao-adesao-carona/divulgacao-adesao-de-carona-2022/;PMMG – Ata de Registro de Preços Nº 79/2022 – Gestor – Universidade Federal do Pará (04.11.2022);https://compras.mg.gov.br/wp-content/uploads/arp-79-2022-pmmg-04-11-2022.pdf
https://compras.mg.gov.br/acesso-a-informacoes/consultas/divulgacao-adesao-carona/divulgacao-adesao-de-carona-2022/;PMMG – Ata de Registro de Preços Nº 12/2021 – Gestor – 25º Batalhão de Caçadores / Comando do Exército (04.11.2022);https://compras.mg.gov.br/wp-content/uploads/pmmg-04-11-2022.pdf
https://compras.mg.gov.br/acesso-a-informacoes/consultas/divulgacao-adesao-carona/divulgacao-adesao-de-carona-2022/;CBMMG – Ata de Registro de Preços Nº 100/2022 – Gestor – Secretaria de Estado da Administração – Governo do Estado do Paraíba (28.10.2022);https://compras.mg.gov.br/wp-content/uploads/cbmmg-28-10-2022.pdf
https://compras.mg.gov.br/acesso-a-informacoes/consultas/divulgacao-adesao-carona/divulgacao-adesao-de-carona-2022/;SES – Ata de Registro de Preços Nº 11/2022 – Gestor – Secretaria de Gestão e Ensino em Segurança – SEGEN/MJSP (28.10.2022);https://compras.mg.gov.br/wp-content/uploads/ses-28-10-2022.pdf
https://compras.mg.gov.br/acesso-a-informacoes/consultas/divulgacao-adesao-carona/divulgacao-adesao-de-carona-2022/;FHEMIG – Ata de Registro de Preços Nº 74/2021 – Gestor – Instituição de Cooperação Intermunicipal do Médio Paraopeba – ICISMEP (27.10.2022);https://compras.mg.gov.br/wp-content/uploads/fhemig-27-10-2022.pdf
https://compras.mg.gov.br/acesso-a-informacoes/consultas/divulgacao-adesao-carona/divulgacao-adesao-de-carona-2022/;FHEMIG – Pregão Eletrônico Nº 0189/2021 – Gestor – Pronto Socorro Cardiológico de Pernambuco-PROCAPE/PE (27.10.2022);https://compras.mg.gov.br/wp-content/uploads/sei-2270.01.0019480-2022-93.pdf
https://compras.mg.gov.br/acesso-a-informacoes/consultas/divulgacao-adesao-carona/divulgacao-adesao-de-carona-2022/;SES – Ata de Registro de Preços Nº 148/2022 – Gestor – Procuradoria Geral de Justiça do Estado de Minas Gerais (26.10.2022);https://compras.mg.gov.br/wp-content/uploads/ses-26-10-2022.pdf
https://compras.mg.gov.br/acesso-a-informacoes/consultas/divulgacao-adesao-carona/divulgacao-adesao-de-carona-2022/;FHEMIG – Ata de Registro de Preços Nº 74/2021 – Gestor – Instituição de Cooperação Intermunicipal do Médio Paraopeba – ICISMEP (25.10.2022);https://compras.mg.gov.br/wp-content/uploads/sei-2270.01.0020198-2022-10.pdf
https://compras.mg.gov.br/acesso-a-informacoes/consultas/divulgacao-adesao-carona/divulgacao-adesao-de-carona-2022/;FHEMIG – Ata de Registro de Preços Nº 2022/05050 – Gestor – Secretaria de Estado de Saúde do Estado do Ceará (21.10.2022);https://compras.mg.gov.br/wp-content/uploads/fhemig-21-10-2022.pdf
https://compras.mg.gov.br/acesso-a-informacoes/consultas/divulgacao-adesao-carona/divulgacao-adesao-de-carona-2022/;SES – Ata de Registro de Preços Nº 148/2022 – Gestor – Procuradoria Geral de Justiça de Minas Gerais (21.10.2022);https://compras.mg.gov.br/wp-content/uploads/sei-1320.01.0141834-2022-37.pdf
https://compras.mg.gov.br/acesso-a-informacoes/consultas/divulgacao-adesao-carona/divulgacao-adesao-de-carona-2022/;CBMMG – Ata de Registro de Preços Nº 165/2021 – Gestor – Tribunal de Justiça do Estado de Minas Gerais (17.10.2022);https://compras.mg.gov.br/wp-content/uploads/cbmmg-19-10-2022.pdf
https://compras.mg.gov.br/acesso-a-informacoes/consultas/divulgacao-adesao-carona/divulgacao-adesao-de-carona-2022/;PMMG – Ata de Registro de Preços Nº 1387/2021 – Gestor – CELIC RS – Subsecretaria Central de Licitações (17.10.2022);https://compras.mg.gov.br/wp-content/uploads/sei-1250.01.0005199-2022-27.pdf
https://compras.mg.gov.br/acesso-a-informacoes/consultas/divulgacao-adesao-carona/divulgacao-adesao-de-carona-2022/;SEDE – Ata de Registro de Preços Nº 002/2022 – Gestor – Secretaria de Estado de Direitos Humanos – Governo do Estado do Espírito Santo (12.10.2022);https://compras.mg.gov.br/wp-content/uploads/sei-1220.01.0004160-2022-39.pdf
https://compras.mg.gov.br/acesso-a-informacoes/consultas/divulgacao-adesao-carona/divulgacao-adesao-de-carona-2022/;PMMG – Ata de Registro de Preços Nº 401/2021 – Gestor – Instituto Nacional de Cardiologia (10.10.2022);https://compras.mg.gov.br/wp-content/uploads/pmmg-hosp-cardi-10-10-2022.pdf
https://compras.mg.gov.br/acesso-a-informacoes/consultas/divulgacao-adesao-carona/divulgacao-adesao-de-carona-2022/;PMMG – Ata de Registro de Preços Nº 05/2021 – Gestor – Hospital de Guarnição de Natal/RN (10.10.2022);https://compras.mg.gov.br/wp-content/uploads/pmmg-10-10-2022.pdf
https://compras.mg.gov.br/acesso-a-informacoes/consultas/divulgacao-adesao-carona/divulgacao-adesao-de-carona-2022/;SES – Ata de Registro de Preços Nº 148/2022 – Gestor – Procuradoria Geral de Justiça do Estado de Minas Gerais (10.10.2022);https://compras.mg.gov.br/wp-content/uploads/ses-10-10-2022.pdf
https://compras.mg.gov.br/acesso-a-informacoes/consultas/divulgacao-adesao-carona/divulgacao-adesao-de-carona-2022/;PMMG – Ata de Registro de Preços Nº 212/2021 – Gestor – Prefeitura Municipal de Boa Vista / RR (07.10.2022);https://compras.mg.gov.br/wp-content/uploads/pmmg-07-10-2022.pdf
https://compras.mg.gov.br/acesso-a-informacoes/consultas/divulgacao-adesao-carona/divulgacao-adesao-de-carona-2022/;SEJUSP – Ata de Registro de Preços Nº 135/2022 – Gestor – Ministério Público do Estado de Minas Gerais por intermédio da Procuradoria-Geral de Justiça (03.10.2022);https://compras.mg.gov.br/wp-content/uploads/sejusp-03-10-2022.pdf
https://compras.mg.gov.br/acesso-a-informacoes/consultas/divulgacao-adesao-carona/divulgacao-adesao-de-carona-2022/;PCMG – Ata de Registro de Preços Nº 09/2022 – Gestor – Consórcio Interfederativo Santa Catarina – CINCATARINA (03.10.2022);https://compras.mg.gov.br/wp-content/uploads/pcmg-03-10-2022.pdf
https://compras.mg.gov.br/acesso-a-informacoes/consultas/divulgacao-adesao-carona/divulgacao-adesao-de-carona-2022/;PCMG – Ata de Registro de Preços Nº 22/2022 – Gestor – Tribunal de Justiça do Estado do Piauí – TJPI (28.09.2022);https://compras.mg.gov.br/wp-content/uploads/pcmg-28-09-2022.pdf
https://compras.mg.gov.br/acesso-a-informacoes/consultas/divulgacao-adesao-carona/divulgacao-adesao-de-carona-2022/;SEJUSP – Ata de Registro de Preços Nº 1323/2022 – Gestor – Departamento de Gestão de Fornecedores/RS (28.09.2022);https://compras.mg.gov.br/wp-content/uploads/sejusp-28-09-2022.pdf
https://compras.mg.gov.br/acesso-a-informacoes/consultas/divulgacao-adesao-carona/divulgacao-adesao-de-carona-2022/;CBMMG – Pregão Eletrônico Nº 0031/2022 – Gestor – Prefeitura Municipal de Cedro do Abaeté/MG (27.09.2022);https://compras.mg.gov.br/wp-content/uploads/cbmmg-27-09-2022.pdf
https://compras.mg.gov.br/acesso-a-informacoes/consultas/divulgacao-adesao-carona/divulgacao-adesao-de-carona-2022/;PMMG – Pregão Eletrônico Nº 18/2022 – Gestor – Secretaria Municipal de Saúde de Manaus / SESMA (26.09.2022);https://compras.mg.gov.br/wp-content/uploads/pmmg-26-09-2022.pdf
https://compras.mg.gov.br/acesso-a-informacoes/consultas/divulgacao-adesao-carona/divulgacao-adesao-de-carona-2022/;PCMG – Pregão Eletrônico Nº 24037/2022 – Gestor – Secretaria Municipal de Administração – SEMAD, Prefeitura Municipal do Natal/RN (26.09.2022);https://compras.mg.gov.br/wp-content/uploads/pcmg-26-09-2022.pdf
https://compras.mg.gov.br/acesso-a-informacoes/consultas/divulgacao-adesao-carona/divulgacao-adesao-de-carona-2022/;SEPLAG – Pregão Eletrônico Nº 013/2022 – Gestor – Tribunal de Justiça do Estado de Minas Gerais – TJMG (23.09.2022);https://compras.mg.gov.br/wp-content/uploads/seplag-26-09-2022.pdf
https://compras.mg.gov.br/acesso-a-informacoes/consultas/divulgacao-adesao-carona/divulgacao-adesao-de-carona-2022/;PCMG – Pregão Eletrônico Nº 60/2022 – Gestor – Consórcio Público Instituição de Cooperação Intermunicipal do Médio Paraopeba – ICISMEP (19.09.2022);https://compras.mg.gov.br/wp-content/uploads/pcmg-21-09-2022.pdf
https://compras.mg.gov.br/acesso-a-informacoes/consultas/divulgacao-adesao-carona/divulgacao-adesao-de-carona-2022/;SEJUSP – Pregão Eletrõnico Nº 15/2022 – Gestor – Secretaria de Estado da Gestão, Patrimônio e Assistência a SEGEP/MA – Secretaria de Estado de Gestão, Patrimônio e Assistência (16.09.2022);https://compras.mg.gov.br/wp-content/uploads/oficio-de-divulgacao.pdf
https://compras.mg.gov.br/acesso-a-informacoes/consultas/divulgacao-adesao-carona/divulgacao-adesao-de-carona-2022/;PMMG – Pregão Eletrônico Nº 02/2021 – Gestor – Hospital Naval de Brasília / Marinha do Brasil (15.09.2022);https://compras.mg.gov.br/wp-content/uploads/pmmg.pdf
https://compras.mg.gov.br/acesso-a-informacoes/consultas/divulgacao-adesao-carona/divulgacao-adesao-de-carona-2022/;CBMMG – Pregão Eletrônico Nº 28/2021 – Gestor – Tribunal de Justiça do Estado de Roraima (14.09.2022);https://compras.mg.gov.br/wp-content/uploads/pmmg-14-09-2022.pdf
https://compras.mg.gov.br/acesso-a-informacoes/consultas/divulgacao-adesao-carona/divulgacao-adesao-de-carona-2022/;IPSEMG – Ata de Registro de Preços Nº 84/2022 – Gestor – Secretaria de Estado de Saúde – Maranhão (12.09.2022);https://compras.mg.gov.br/wp-content/uploads/ipsemg-12-09-2022.pdf
https://compras.mg.gov.br/acesso-a-informacoes/consultas/divulgacao-adesao-carona/divulgacao-adesao-de-carona-2022/;PMMG – Pregão Eletrônico Nº 57/2022 – Gestor – Hospital Militar de Área de São Paulo / Exército Brasileiro (12.09.2022);https://compras.mg.gov.br/wp-content/uploads/pmmg-12-09-2022.pdf
https://compras.mg.gov.br/acesso-a-informacoes/consultas/divulgacao-adesao-carona/divulgacao-adesao-de-carona-2022/;PMMG – Pregão Eletrônico Nº 74/2021 – Gestor – Instituição de Cooperação Intermunicipal do Médio Paraopeba – ICISMEP (08.09.2022);https://compras.mg.gov.br/wp-content/uploads/pmmg-08-09-22.pdf
https://compras.mg.gov.br/acesso-a-informacoes/consultas/divulgacao-adesao-carona/divulgacao-adesao-de-carona-2022/;PMMG – Pregão Eletrônico Nº 57/2021 – Gestor – Hospital Militar de Área de São Paulo / Exército Brasileiro (06.09.2022);https://compras.mg.gov.br/wp-content/uploads/pmmg-06-09-2022.pdf
https://compras.mg.gov.br/acesso-a-informacoes/consultas/divulgacao-adesao-carona/divulgacao-adesao-de-carona-2022/;FHEMIG- Pregão Eletrônico Nº 038/2021 – Gestor – Prefeitura Municipal de Candeias Jamari de Rondônia, e a Secretaria Geral, Gestão, Fazenda, Administração e Planejamento – SEMFAGESP (05.09.2022);https://compras.mg.gov.br/wp-content/uploads/fhemig-05-09.pdf
https://compras.mg.gov.br/acesso-a-informacoes/consultas/divulgacao-adesao-carona/divulgacao-adesao-de-carona-2022/;PCMG – Pregão Eletrônico Nº 44/2021 – Gestor – Fundação Universidade Federal de São João Del-Rei (26.08.2022);https://compras.mg.gov.br/wp-content/uploads/pcmg-26-08.pdf
https://compras.mg.gov.br/acesso-a-informacoes/consultas/divulgacao-adesao-carona/divulgacao-adesao-de-carona-2022/;FHEMIG- Pregão Eletrônico Nº 90/2021 – Gestor – Instituição de Cooperação Intermunicipal do Médio Paraopeba – ICISMEP (26.08.2022);https://compras.mg.gov.br/wp-content/uploads/fhemig-26-08.pdf
https://compras.mg.gov.br/acesso-a-informacoes/consultas/divulgacao-adesao-carona/divulgacao-adesao-de-carona-2022/;PCMG- Ata de Registro de Preços Nº 23/2021 – Gestor – Tribunal de Justiça de Pernambuco (26.08.2022);https://compras.mg.gov.br/wp-content/uploads/sei-govmg-52034259-oficio.pdf
https://compras.mg.gov.br/acesso-a-informacoes/consultas/divulgacao-adesao-carona/divulgacao-adesao-de-carona-2022/;SEJUSP – Pregão Eletrõnico Nº 009/2022 – Gestor – Tribunal de Justiça do Estado de Mato Grosso do Sul – TJMS (24.08.2022);https://compras.mg.gov.br/wp-content/uploads/sejusp.pdf
https://compras.mg.gov.br/acesso-a-informacoes/consultas/divulgacao-adesao-carona/divulgacao-adesao-de-carona-2022/;FHEMIG- Pregão Eletrônico Nº 90/2021 – Gestor – Instituição de Cooperação Intermunicipal do Médio Paraopeba – ICISMEP (24.08.2022);https://compras.mg.gov.br/wp-content/uploads/sei-2270.01.0035956-2022-83.pdf
https://compras.mg.gov.br/acesso-a-informacoes/consultas/divulgacao-adesao-carona/divulgacao-adesao-de-carona-2022/;SEJUSP – Pregão Eletrõnico Nº 145/2021 – Gestor – Hospital Universitário Clementino Fraga Filho (23.08.2022);https://compras.mg.gov.br/wp-content/uploads/sejusp-23-08-2022.pdf
https://compras.mg.gov.br/acesso-a-informacoes/consultas/divulgacao-adesao-carona/divulgacao-adesao-de-carona-2022/;UNIMONTES – Ata de Registro de Preços Nº 091/2022 – Gestor – Hospital Getúlio Vargas – Recife/PE (23.08.2022);https://compras.mg.gov.br/wp-content/uploads/unimontes.pdf
https://compras.mg.gov.br/acesso-a-informacoes/consultas/divulgacao-adesao-carona/divulgacao-adesao-de-carona-2022/;FHA – Ata de Registro de Preços Nº 47/2021 – Gestor – Instituição de Cooperação Intermunicipal do Médio Paraopeba – ICISMEP (18.08.2022);https://compras.mg.gov.br/wp-content/uploads/fundacao-helena-antipoff.pdf
https://compras.mg.gov.br/acesso-a-informacoes/consultas/divulgacao-adesao-carona/divulgacao-adesao-de-carona-2022/;UEMG – Ata de Registro de Preços Nº 2022/05479 – Gestor – Secretaria da Educação do Estado do Ceará (27.07.2022);https://compras.mg.gov.br/wp-content/uploads/uemg.pdf
https://compras.mg.gov.br/acesso-a-informacoes/consultas/divulgacao-adesao-carona/divulgacao-adesao-de-carona-2022/;CBMMG – Ata de Registro de Preços Nº 083/2022 – Gestor – Procuradoria-Geral do Estado do Amapá/Central de Licitações e Contratos (26.07.2022);https://compras.mg.gov.br/wp-content/uploads/cbmmg.pdf
https://compras.mg.gov.br/acesso-a-informacoes/consultas/divulgacao-adesao-carona/divulgacao-adesao-de-carona-2022/;FHA – Ata de Registro de Preços Nº 20/2021 – Gestor – Consórcio Intermunicipal Multifinalitário da Área Mineira da SUDENE (25.07.2022);https://compras.mg.gov.br/wp-content/uploads/sei-2150.01.0000628-2022-09.pdf
https://compras.mg.gov.br/acesso-a-informacoes/consultas/divulgacao-adesao-carona/divulgacao-adesao-de-carona-2022/;IPSEMG – Ata de Registro de Preços Nº 142/2021 – Gestor – Município de Rondonópolis – Estado de Mato Grosso (21.07.2022);https://compras.mg.gov.br/wp-content/uploads/sei-2010.01.0049390-2022-11.pdf
https://compras.mg.gov.br/acesso-a-informacoes/consultas/divulgacao-adesao-carona/divulgacao-adesao-de-carona-2022/;PCMG – Pregão Eletrônico Nº 12/2021 – Gestor – Superintendência Regional da Receita Federal 9ª Região Fiscal (15.07.2022);https://compras.mg.gov.br/wp-content/uploads/sei-1510.01.0138990-2022-84.pdf
https://compras.mg.gov.br/acesso-a-informacoes/consultas/divulgacao-adesao-carona/divulgacao-adesao-de-carona-2022/;PCMG – Ata de Registro de Preços Nº 09/2022 – Gestor – Consórcio Interfederativo Santa Catatina – CINCATARINA (12.07.2022);https://compras.mg.gov.br/wp-content/uploads/pcmg-12-07-22.pdf
https://compras.mg.gov.br/acesso-a-informacoes/consultas/divulgacao-adesao-carona/divulgacao-adesao-de-carona-2022/;SES – Ata de Registro de Preços Nº 11/2022 – Gestor – Secretaria de Gestão e Ensino em Segurança – SEGEN/MJSP (07.07.2022);https://compras.mg.gov.br/wp-content/uploads/ses-19-07-22.pdf
https://compras.mg.gov.br/acesso-a-informacoes/consultas/divulgacao-adesao-carona/divulgacao-adesao-de-carona-2022/;SEPLAG-CECAD – Pregão Eletrônico Nº 32/2021 – Gestor – Assembléia Legislativa do Estado de Goiás – ALEGO (06.07.2022);https://compras.mg.gov.br/wp-content/uploads/sei-1500.01.0074779-2022-65.pdf
https://compras.mg.gov.br/acesso-a-informacoes/consultas/divulgacao-adesao-carona/divulgacao-adesao-de-carona-2022/;IPSEMG – Pregão Eletrônico Nº 391/2021 – Gestor – Centro de Serviços Compartilhados do Governo do Estado do Amazonas (04.07.2022);https://compras.mg.gov.br/wp-content/uploads/sei-2010.01.0034253-2022-49.pdf
https://compras.mg.gov.br/acesso-a-informacoes/consultas/divulgacao-adesao-carona/divulgacao-adesao-de-carona-2022/;UNIMONTES – Pregão Eletrônico Nº 391/2022 – Gestor – Governo do Estado do Amazonas (01.07.2022);https://compras.mg.gov.br/wp-content/uploads/unimontes-01-07-2022.pdf
https://compras.mg.gov.br/acesso-a-informacoes/consultas/divulgacao-adesao-carona/divulgacao-adesao-de-carona-2022/;PCMG – Ata de Registro de Preços Nº 10/2022 – Gestor – Tribunal de Justiça do Estado de Roraima – TJRR (30.06.2022);https://compras.mg.gov.br/wp-content/uploads/pcmg-30-06-2022.pdf
https://compras.mg.gov.br/acesso-a-informacoes/consultas/divulgacao-adesao-carona/divulgacao-adesao-de-carona-2022/;CBMMG – Ata de Registro de Preços Nº 36/2021-II – Gestor – Prefeitura Municipal de Brumadinho (28.06.2022);https://compras.mg.gov.br/wp-content/uploads/cbmmg-28-06-2022.pdf
https://compras.mg.gov.br/acesso-a-informacoes/consultas/divulgacao-adesao-carona/divulgacao-adesao-de-carona-2022/;PCMG – Pregão Eletrônico Nº 12/2021 – Gestor – Superintendência Regional da Receita Federal 9ª Região Fiscal (15.06.2022);https://compras.mg.gov.br/wp-content/uploads/3-pcmg.pdf
https://compras.mg.gov.br/acesso-a-informacoes/consultas/divulgacao-adesao-carona/divulgacao-adesao-de-carona-2022/;PCMG – Pregão Eletrônico Nº 12/2021 – Gestor – Superintendência Regional da Receita Federal 9ª Região Fiscal (15.06.2022);https://compras.mg.gov.br/wp-content/uploads/superintendencia-2-pcmg.pdf
https://compras.mg.gov.br/acesso-a-informacoes/consultas/divulgacao-adesao-carona/divulgacao-adesao-de-carona-2022/;PCMG – Pregão Eletrônico Nº 12/2021 – Gestor – Superintendência Regional da Receita Federal 9ª Região Fiscal (15.06.2022);https://compras.mg.gov.br/wp-content/uploads/sei-1510.01.0076065-2022-07.pdf
https://compras.mg.gov.br/acesso-a-informacoes/consultas/divulgacao-adesao-carona/divulgacao-adesao-de-carona-2022/;PMMG – Pregão Eletrônico Nº 27/2021 – Gestor – Ministério da Justiça – Polícia Rodoviária Federal (14.06.2022);https://compras.mg.gov.br/wp-content/uploads/intencao-adesao-mj-prf-intencao-de-adesao-ata-rp-ministerio-da-justica-prf.-ee1df3da158b.pdf
https://compras.mg.gov.br/acesso-a-informacoes/consultas/divulgacao-adesao-carona/divulgacao-adesao-de-carona-2022/;PCMG – Pregão Eletrônico Nº 351/2021 – Gestor – Procuradoria Geral de Justiça (14.06.2022);https://compras.mg.gov.br/wp-content/uploads/14-06-2022-pcmg.pdf
https://compras.mg.gov.br/acesso-a-informacoes/consultas/divulgacao-adesao-carona/divulgacao-adesao-de-carona-2022/;PCMG – Pregão Eletrônico Nº 03/2021 – Gestor – Consórcio Público Intermunicipal de Inovação e Desenvolvimento do Estado de São Paulo – CINDESP (10.06.2022);https://compras.mg.gov.br/wp-content/uploads/ult-10-06-2022-pcmg.pdf
https://compras.mg.gov.br/acesso-a-informacoes/consultas/divulgacao-adesao-carona/divulgacao-adesao-de-carona-2022/;PCMG – Pregão Eletrônico Nº 51/2021 – Gestor – Secretaria da Cidadania e Justiça do Estado do Tocantins – SECIJU (09.06.2022);https://compras.mg.gov.br/wp-content/uploads/divulgaa-a-o-de-intena-a-o-de-carona.pdf
https://compras.mg.gov.br/acesso-a-informacoes/consultas/divulgacao-adesao-carona/divulgacao-adesao-de-carona-2022/;PCMG – Pregão Eletrônico Nº 351/2021 – Gestor – Procuradoria Geral de Justiça (07.06.2022);https://compras.mg.gov.br/wp-content/uploads/pcmg-pgj.pdf
https://compras.mg.gov.br/acesso-a-informacoes/consultas/divulgacao-adesao-carona/divulgacao-adesao-de-carona-2022/;PCMG – Pregão Eletrônico Nº 06/2022 – Gestor – Consórcio Interfederativo Santa Catarina – CINCATARINA (07.06.2022);https://compras.mg.gov.br/wp-content/uploads/pcmg-07-06-2022.pdf
https://compras.mg.gov.br/acesso-a-informacoes/consultas/divulgacao-adesao-carona/divulgacao-adesao-de-carona-2022/;PMMG – Pregão Eletrônico Nº 24/2021 – Gestor – Tribunal de Justiça do Estado de Minas Gerais – TJMG (07.06.2022);https://compras.mg.gov.br/wp-content/uploads/divulgacao-de-carona-persiana-divulgacao-de-carona-persianas-ec3aaa7d4f76.pdf
https://compras.mg.gov.br/acesso-a-informacoes/consultas/divulgacao-adesao-carona/divulgacao-adesao-de-carona-2022/;CBMMG – Pregão Eletrônico Nº 42/2021 – Gestor – Prefeitura Municipal de Brumadinho (02.06.2022);https://compras.mg.gov.br/wp-content/uploads/sei-1400.01.0029082-2022-82.pdf
https://compras.mg.gov.br/acesso-a-informacoes/consultas/divulgacao-adesao-carona/divulgacao-adesao-de-carona-2022/;PCMG – Pregão Eletrônico Nº 03/2021 – Gestor – Consórcio Público Intermunicipal de Inovação e Desenvolvimento do Estado de São Paulo – CINDESP (30.05.2022);https://compras.mg.gov.br/wp-content/uploads/sei-govmg-47141455-oficio.pdf
https://compras.mg.gov.br/acesso-a-informacoes/consultas/divulgacao-adesao-carona/divulgacao-adesao-de-carona-2022/;FHA – Pregão Eletrônico Nº 40/2021 – Gestor – Instituto Federal Sul-Rio-Grandense (27.05.2022);https://compras.mg.gov.br/wp-content/uploads/sei-2150.01.0000055-2022-57.pdf
https://compras.mg.gov.br/acesso-a-informacoes/consultas/divulgacao-adesao-carona/divulgacao-adesao-de-carona-2022/;FUCAM – Ata de Registro de Preços Nº 358/2021 – Gestor – Superintendência Estadual de Compras e Licitações – SUPEL – Governo do Estado de Rondônia (27.05.2022);https://compras.mg.gov.br/wp-content/uploads/sei-2160.01.0000378-2022-04.pdf
https://compras.mg.gov.br/acesso-a-informacoes/consultas/divulgacao-adesao-carona/divulgacao-adesao-de-carona-2022/;SEMAD – Pregão Eletrônico Nº 53/2021 – Gestor – Ministério da Economia (25.05.2022);https://compras.mg.gov.br/wp-content/uploads/sei-1370.01.0011790-2022-97.pdf
https://compras.mg.gov.br/acesso-a-informacoes/consultas/divulgacao-adesao-carona/divulgacao-adesao-de-carona-2022/;PMMG – Pregão Eletrônico Nº 28/2021 – Gestor – 1A. Brigada de Infantaria de Selva/RR (24.05.2022);https://compras.mg.gov.br/wp-content/uploads/divulgacao-de-carona-capacetes-3-divulgacao-de-carona-capacete-e9bc8613d466.pdf
https://compras.mg.gov.br/acesso-a-informacoes/consultas/divulgacao-adesao-carona/divulgacao-adesao-de-carona-2022/;FHA – Ata de Registro de Preços Nº 22/2021 – Gestor – Instituto Chico Mendes de Conservação da Biodiversidade – ICMBIO-DF (24.05.2022);https://compras.mg.gov.br/wp-content/uploads/icmbio-24-05-2022.pdf
https://compras.mg.gov.br/acesso-a-informacoes/consultas/divulgacao-adesao-carona/divulgacao-adesao-de-carona-2022/;FHA – Ata de Registro de Preços Nº 018/2021 – Gestor – Prefeitura Municipal de Maués/AM (24.05.2022);https://compras.mg.gov.br/wp-content/uploads/divulgacao-fha.pdf
https://compras.mg.gov.br/acesso-a-informacoes/consultas/divulgacao-adesao-carona/divulgacao-adesao-de-carona-2022/;PCMG – Ata de Registro de Preços Nº 29/2021 – Gestor – Centro de Preparação de Oficiais da Reserva de Recife/Exército Brasileiro (20.05.2022);https://compras.mg.gov.br/wp-content/uploads/sei-govmg-46808698-oficio.pdf
https://compras.mg.gov.br/acesso-a-informacoes/consultas/divulgacao-adesao-carona/divulgacao-adesao-de-carona-2022/;PCMG – Ata de Registro de Preços Nº 16/2021 – Gestor – Consórcio Público do Extremo Sul – COPES (18.05.2022);https://compras.mg.gov.br/wp-content/uploads/sei-govmg-46691099-oficio.pdf
https://compras.mg.gov.br/acesso-a-informacoes/consultas/divulgacao-adesao-carona/divulgacao-adesao-de-carona-2022/;FHEMIG – Pregão Eletrônico Nº 08/2021 – Gestor – Prefeitura de Otacílio Costa, Santa Catarina (17.05.2022);https://compras.mg.gov.br/wp-content/uploads/sei-2270.01.0012505-2021-47.pdf
https://compras.mg.gov.br/acesso-a-informacoes/consultas/divulgacao-adesao-carona/divulgacao-adesao-de-carona-2022/;PCMG – Ata de Registro de Preços Nº 33/2021 – Gestor – Prefeitura Municipal de Resplendor/MG (09.05.2022);https://compras.mg.gov.br/wp-content/uploads/sei-govmg-46206884-oficio.pdf
https://compras.mg.gov.br/acesso-a-informacoes/consultas/divulgacao-adesao-carona/divulgacao-adesao-de-carona-2022/;PMMG – Ata de Registro de Preços Nº 75/2022 – Gestor – Prefeitura Municipal de Cataguases/MG (05.05.2022);https://compras.mg.gov.br/wp-content/uploads/sei-1250.01.0003797-2022-51.pdf
https://compras.mg.gov.br/acesso-a-informacoes/consultas/divulgacao-adesao-carona/divulgacao-adesao-de-carona-2022/;FUCAM – Ata de Registro de Preços Nº 012/2021 – Gestor – Consórcio Público Intermunicipal de Inovação e Desenvolvimento do Estado de São Paulo – CINDESP (05.05.2022);https://compras.mg.gov.br/wp-content/uploads/sei-2160.01.0000138-2022-82.pdf
https://compras.mg.gov.br/acesso-a-informacoes/consultas/divulgacao-adesao-carona/divulgacao-adesao-de-carona-2022/;PCMG – Ata de Registro de Preços Nº 33/2021 – Gestor – Ministério Público do Estado do Piauí (03.05.2022);https://compras.mg.gov.br/wp-content/uploads/of.55-pcmg.pdf
https://compras.mg.gov.br/acesso-a-informacoes/consultas/divulgacao-adesao-carona/divulgacao-adesao-de-carona-2022/;PCMG – Ata de Registro de Preços Nº 33/2021 – Gestor – Ministério Público do Estado do Piauí (03.05.2022);https://compras.mg.gov.br/wp-content/uploads/of.54-pcmg.pdf
https://compras.mg.gov.br/acesso-a-informacoes/consultas/divulgacao-adesao-carona/divulgacao-adesao-de-carona-2022/;PCMG – Ata de Registro de Preços Nº 099/2020 – Gestor – Secretaria da Administração do Estado do Tocantins – SECAD (28.04.2022);https://compras.mg.gov.br/wp-content/uploads/publicaa-a-o-intena-a-o-de-carona.pdf
https://compras.mg.gov.br/acesso-a-informacoes/consultas/divulgacao-adesao-carona/divulgacao-adesao-de-carona-2022/;FHA – Ata de Registro de Preços Nº 11/2020 – Gestor – Instituto Federal de Educação, Ciência e Tecnologia Sul-Rio-Grandense – Campus Pelotas/RS (20.04.2022);https://compras.mg.gov.br/wp-content/uploads/sei-2150.01.0000333-2022-20.pdf
https://compras.mg.gov.br/acesso-a-informacoes/consultas/divulgacao-adesao-carona/divulgacao-adesao-de-carona-2022/;PMMG – Ata de Registro de Preços Nº 595/2021 – Gestor – Secretaria Municipal de Administração de Uberlândia (13.04.2022);https://compras.mg.gov.br/wp-content/uploads/sei-1250.01.0002956-2022-60.pdf
https://compras.mg.gov.br/acesso-a-informacoes/consultas/divulgacao-adesao-carona/divulgacao-adesao-de-carona-2022/;FHA – Ata de Registro de Preços Nº 195/2021 – Gestor – Secretaria de Estado de Planejamento e Gestão – SEPLAG (31.03.2022);https://compras.mg.gov.br/wp-content/uploads/sei-2150.01.0000238-2022-63.pdf
https://compras.mg.gov.br/acesso-a-informacoes/consultas/divulgacao-adesao-carona/divulgacao-adesao-de-carona-2022/;SEPLAG/DECAP – Ata de Registro de Preços Nº 306/2021 – Gestor – Superintendência Estadual de Licitações – SUPEL/RO (28.03.2022);https://compras.mg.gov.br/wp-content/uploads/seplag-07-04-2022.pdf
https://compras.mg.gov.br/acesso-a-informacoes/consultas/divulgacao-adesao-carona/divulgacao-adesao-de-carona-2022/;SEMAD – Ata de Registro de Preços Nº 116/2021 – Gestor – Secretaria de Estado de Planejamento e Gestão – SEPLAG (28.03.2022);https://compras.mg.gov.br/wp-content/uploads/sei-1370.01.0004174-2022-89.pdf
https://compras.mg.gov.br/acesso-a-informacoes/consultas/divulgacao-adesao-carona/divulgacao-adesao-de-carona-2022/;IPSEMG – Ata de Registro de Preços Nº 05/2021 – Gestor – Primeiro Regimento da Cavalaria de Guardas (17.03.2022);https://compras.mg.gov.br/wp-content/uploads/sei-2010.01.0082940-2021-47.pdf
https://compras.mg.gov.br/acesso-a-informacoes/consultas/divulgacao-adesao-carona/divulgacao-adesao-de-carona-2022/;IPSEMG – Pregão Eletrônico Nº 055/2021 – Gestor – Secretaria da Saúde / Fundo Estadual de Saúde do Estado da Bahia (15.03.2022);https://compras.mg.gov.br/wp-content/uploads/sei-2010.01.0011804-2022-19.pdf
https://compras.mg.gov.br/acesso-a-informacoes/consultas/divulgacao-adesao-carona/divulgacao-adesao-de-carona-2022/;PMMG – Pregão Eletrônico Nº 07/2020 – Gestor – Comando do Fronteira Solimões/8 BIS/MEX/AM (15.03.2022);https://compras.mg.gov.br/wp-content/uploads/pmmg-pregao-no-07-2020.pdf
https://compras.mg.gov.br/acesso-a-informacoes/consultas/divulgacao-adesao-carona/divulgacao-adesao-de-carona-2022/;SEMAD – Pregão Eletrônico Nº 06/2021 – Gestor – Secretaria Nacional de Segurança Hídrica do Ministério do Desenvolvimento Regional (07.03.2022);https://compras.mg.gov.br/wp-content/uploads/semad.pdf
https://compras.mg.gov.br/acesso-a-informacoes/consultas/divulgacao-adesao-carona/divulgacao-adesao-de-carona-2022/;SEJUSP – Pregão Eletrônico Nº 291/2021 – Gestor – Ministério Público do Estado de Minas Gerais (09.02.2022);https://compras.mg.gov.br/wp-content/uploads/sei-1450.01.0020380-2022-83.pdf
https://compras.mg.gov.br/acesso-a-informacoes/consultas/divulgacao-adesao-carona/divulgacao-adesao-de-carona-2022/;SEE – Ata de Registro de Preços Nº 107/2021 – Gestor – PREFEITURA MUNICIPAL DE PIRAJUBA/MG (09.02.2022);https://compras.mg.gov.br/wp-content/uploads/divulgacao-de-intencao-de-adesao-como-carona-see-pregao-presencial-nd-33.2021-gestor-prefeitura-municipal-de-pirajuba-09.02.2022.pdf
https://compras.mg.gov.br/acesso-a-informacoes/consultas/divulgacao-adesao-carona/divulgacao-adesao-de-carona-2022/;SEJUSP – Pregão Eletrônico Nº 127/2021 – Gestor – PMMG (27.01.2022);https://compras.mg.gov.br/wp-content/uploads/sejusp-27-01-2022.pdf
https://compras.mg.gov.br/acesso-a-informacoes/consultas/divulgacao-adesao-carona/divulgacao-adesao-de-carona-2022/;FHA – Pregão Eletrônico Nº 31/2021 – Gestor – Hospital das Forças Armadas / Ministério da Defesa (14.01.2022);https://compras.mg.gov.br/wp-content/uploads/sei-2150.01.0000026-2022-64.pdf
https://compras.mg.gov.br/acesso-a-informacoes/consultas/divulgacao-adesao-carona/divulgacao-adesao-de-carona-2022/;SEMAD – Ata de Registro de Preços Nº 02/2021 – Gestor – Ministério da Economia (06.01.2022);https://compras.mg.gov.br/wp-content/uploads/sei-1370.01.0000654-2022-69.pdf
